{"iteration": 19, "task_individuals": 1, "task_sifting": 1, "target": "realtime"}
{"iteration": 20, "task_individuals": 1, "task_sifting": 1, "target": "realtime"}
{"iteration": 21, "task_individuals": 2, "task_sifting": 1, "target": "realtime"}
{"iteration": 22, "task_individuals": 1, "task_sifting": 1, "target": "realtime"}
{"iteration": 23, "task_individuals": 2, "task_sifting": 1, "target": "realtime"}
{"iteration": 24, "task_individuals": 2, "task_sifting": 1, "target": "realtime"}
{"iteration": 25, "task_individuals": 1, "task_sifting": 0, "target": "realtime"}
{"iteration": 26, "task_individuals": 2, "task_sifting": 1, "target": "realtime"}
{"iteration": 27, "task_individuals": 2, "task_sifting": 1, "target": "realtime"}
{"iteration": 28, "task_individuals": 2, "task_sifting": 1, "target": "realtime"}
{"iteration": 29, "task_individuals": 1, "task_sifting": 1, "target": "realtime"}
{"iteration": 30, "task_individuals": 1, "task_sifting": 1, "target": "realtime"}
{"iteration": 31, "task_individuals": 1, "task_sifting": 1, "target": "realtime"}
{"iteration": 32, "task_individuals": 1, "task_sifting": 1, "target": "realtime"}
{"iteration": 33, "task_individuals": 1, "task_sifting": 1, "target": "realtime"}
{"iteration": 34, "task_individuals": 1, "task_sifting": 0, "target": "realtime"}
{"iteration": 35, "task_individuals": 1, "task_sifting": 0, "target": "realtime"}
{"iteration": 36, "task_individuals": 1, "task_sifting": 0, "target": "realtime"}
{"iteration": 37, "task_individuals": 1, "task_sifting": 0, "target": "realtime"}
{"iteration": 38, "task_individuals": 1, "task_sifting": 0, "target": "realtime"}
{"iteration": 39, "task_individuals": 1, "task_sifting": 0, "target": "realtime"}
{"iteration": 40, "task_individuals": 2, "task_sifting": 0, "target": "realtime"}
{"iteration": 41, "task_individuals": 1, "task_sifting": 0, "target": "realtime"}
{"iteration": 42, "task_individuals": 1, "task_sifting": 0, "target": "realtime"}
{"iteration": 43, "task_individuals": 1, "task_sifting": 0, "target": "realtime"}
{"iteration": 44, "task_individuals": 1, "task_sifting": 0, "target": "realtime"}
{"iteration": 45, "task_individuals": 1, "task_sifting": 0, "target": "realtime"}
{"iteration": 46, "task_individuals": 1, "task_sifting": 0, "target": "realtime"}
{"iteration": 47, "task_individuals": 1, "task_sifting": 0, "target": "realtime"}
{"iteration": 48, "task_individuals": 2, "task_sifting": 0, "target": "realtime"}
{"iteration": 49, "task_individuals": 2, "task_sifting": 0, "target": "realtime"}
{"iteration": 50, "task_individuals": 2, "task_sifting": 0, "target": "realtime"}
{"iteration": 51, "task_individuals": 2, "task_sifting": 0, "target": "realtime"}
{"iteration": 52, "task_individuals": 2, "task_sifting": 0, "target": "realtime"}
{"iteration": 53, "task_individuals": 2, "task_sifting": 0, "target": "realtime"}
{"iteration": 54, "task_individuals": 2, "task_sifting": 0, "target": "realtime"}
{"iteration": 55, "task_individuals": 2, "task_sifting": 0, "target": "realtime"}
{"iteration": 56, "task_individuals": 2, "task_sifting": 0, "target": "realtime"}
{"iteration": 57, "task_individuals": 2, "task_sifting": 0, "target": "realtime"}
{"iteration": 58, "task_individuals": 2, "task_sifting": 0, "target": "realtime"}
{"iteration": 59, "task_individuals": 2, "task_sifting": 0, "target": "realtime"}
{"iteration": 60, "task_individuals": 2, "task_sifting": 0, "target": "realtime"}
{"iteration": 61, "task_individuals": 2, "task_sifting": 0, "target": "realtime"}
{"iteration": 62, "task_individuals": 2, "task_sifting": 0, "target": "realtime"}
{"iteration": 63, "task_individuals": 2, "task_sifting": 0, "target": "realtime"}
{"iteration": 64, "task_individuals": 2, "task_sifting": 0, "target": "realtime"}
{"iteration": 65, "task_individuals": 2, "task_sifting": 0, "target": "realtime"}
{"iteration": 66, "task_individuals": 2, "task_sifting": 0, "target": "realtime"}
{"iteration": 67, "task_individuals": 2, "task_sifting": 0, "target": "realtime"}
{"iteration": 68, "task_individuals": 2, "task_sifting": 0, "target": "realtime"}
{"iteration": 69, "task_individuals": 2, "task_sifting": 0, "target": "realtime"}
{"iteration": 70, "task_individuals": 2, "task_sifting": 0, "target": "realtime"}
{"iteration": 71, "task_individuals": 2, "task_sifting": 0, "target": "realtime"}
{"iteration": 72, "task_individuals": 2, "task_sifting": 0, "target": "realtime"}
{"iteration": 73, "task_individuals": 2, "task_sifting": 0, "target": "realtime"}
{"iteration": 74, "task_individuals": 2, "task_sifting": 0, "target": "realtime"}
{"iteration": 75, "task_individuals": 2, "task_sifting": 0, "target": "realtime"}
{"iteration": 76, "task_individuals": 2, "task_sifting": 0, "target": "realtime"}
{"iteration": 77, "task_individuals": 2, "task_sifting": 0, "target": "realtime"}
{"iteration": 78, "task_individuals": 2, "task_sifting": 0, "target": "realtime"}
{"iteration": 79, "task_individuals": 2, "task_sifting": 0, "target": "realtime"}
{"iteration": 80, "task_individuals": 2, "task_sifting": 0, "target": "realtime"}
{"iteration": 81, "task_individuals": 2, "task_sifting": 0, "target": "realtime"}
{"iteration": 82, "task_individuals": 2, "task_sifting": 0, "target": "realtime"}
{"iteration": 83, "task_individuals": 2, "task_sifting": 0, "target": "realtime"}
{"iteration": 84, "task_individuals": 2, "task_sifting": 0, "target": "realtime"}
{"iteration": 85, "task_individuals": 2, "task_sifting": 0, "target": "realtime"}
{"iteration": 86, "task_individuals": 2, "task_sifting": 0, "target": "realtime"}
{"iteration": 87, "task_individuals": 2, "task_sifting": 0, "target": "realtime"}
{"iteration": 88, "task_individuals": 2, "task_sifting": 0, "target": "realtime"}
{"iteration": 89, "task_individuals": 2, "task_sifting": 0, "target": "realtime"}
{"iteration": 90, "task_individuals": 2, "task_sifting": 0, "target": "realtime"}
{"iteration": 91, "task_individuals": 2, "task_sifting": 0, "target": "realtime"}
{"iteration": 92, "task_individuals": 2, "task_sifting": 0, "target": "realtime"}
{"iteration": 93, "task_individuals": 2, "task_sifting": 0, "target": "realtime"}
{"iteration": 94, "task_individuals": 2, "task_sifting": 0, "target": "realtime"}
{"iteration": 95, "task_individuals": 1, "task_sifting": 0, "target": "realtime"}
{"iteration": 96, "task_individuals": 2, "task_sifting": 0, "target": "realtime"}
{"iteration": 97, "task_individuals": 2, "task_sifting": 0, "target": "realtime"}
{"iteration": 98, "task_individuals": 2, "task_sifting": 0, "target": "realtime"}
{"iteration": 99, "task_individuals": 2, "task_sifting": 0, "target": "realtime"}
{"iteration": 100, "task_individuals": 2, "task_sifting": 0, "target": "realtime"}
{"iteration": 101, "task_individuals": 2, "task_sifting": 0, "target": "realtime"}
{"iteration": 102, "task_individuals": 2, "task_sifting": 0, "target": "realtime"}
{"iteration": 103, "task_individuals": 2, "task_sifting": 0, "target": "realtime"}
{"iteration": 104, "task_individuals": 2, "task_sifting": 0, "target": "realtime"}
{"iteration": 105, "task_individuals": 2, "task_sifting": 0, "target": "realtime"}
{"iteration": 106, "task_individuals": 2, "task_sifting": 0, "target": "realtime"}
{"iteration": 107, "task_individuals": 2, "task_sifting": 0, "target": "realtime"}
{"iteration": 108, "task_individuals": 2, "task_sifting": 0, "target": "realtime"}
{"iteration": 109, "task_individuals": 2, "task_sifting": 0, "target": "realtime"}
{"iteration": 110, "task_individuals": 2, "task_sifting": 0, "target": "realtime"}
{"iteration": 111, "task_individuals": 2, "task_sifting": 0, "target": "realtime"}
{"iteration": 112, "task_individuals": 2, "task_sifting": 0, "target": "realtime"}
{"iteration": 113, "task_individuals": 2, "task_sifting": 0, "target": "realtime"}
{"iteration": 114, "task_individuals": 2, "task_sifting": 0, "target": "realtime"}
{"iteration": 115, "task_individuals": 2, "task_sifting": 0, "target": "realtime"}
{"iteration": 116, "task_individuals": 2, "task_sifting": 0, "target": "realtime"}
{"iteration": 117, "task_individuals": 2, "task_sifting": 0, "target": "realtime"}
{"iteration": 118, "task_individuals": 2, "task_sifting": 0, "target": "realtime"}
{"iteration": 119, "task_individuals": 2, "task_sifting": 0, "target": "realtime"}
{"iteration": 120, "task_individuals": 2, "task_sifting": 0, "target": "realtime"}
{"iteration": 121, "task_individuals": 2, "task_sifting": 0, "target": "realtime"}
{"iteration": 122, "task_individuals": 2, "task_sifting": 0, "target": "realtime"}
{"iteration": 123, "task_individuals": 2, "task_sifting": 0, "target": "realtime"}
{"iteration": 124, "task_individuals": 2, "task_sifting": 0, "target": "realtime"}
{"iteration": 125, "task_individuals": 2, "task_sifting": 0, "target": "realtime"}
{"iteration": 126, "task_individuals": 2, "task_sifting": 0, "target": "realtime"}
{"iteration": 127, "task_individuals": 2, "task_sifting": 0, "target": "realtime"}
{"iteration": 128, "task_individuals": 2, "task_sifting": 0, "target": "realtime"}
{"iteration": 129, "task_individuals": 2, "task_sifting": 0, "target": "realtime"}
{"iteration": 130, "task_individuals": 1, "task_sifting": 0, "target": "realtime"}
{"iteration": 131, "task_individuals": 2, "task_sifting": 0, "target": "realtime"}
{"iteration": 132, "task_individuals": 2, "task_sifting": 0, "target": "realtime"}
{"iteration": 133, "task_individuals": 2, "task_sifting": 0, "target": "realtime"}
{"iteration": 134, "task_individuals": 2, "task_sifting": 0, "target": "realtime"}
{"iteration": 135, "task_individuals": 2, "task_sifting": 0, "target": "realtime"}
{"iteration": 136, "task_individuals": 2, "task_sifting": 0, "target": "realtime"}
{"iteration": 137, "task_individuals": 2, "task_sifting": 0, "target": "realtime"}
{"iteration": 138, "task_individuals": 2, "task_sifting": 0, "target": "realtime"}
{"iteration": 139, "task_individuals": 2, "task_sifting": 0, "target": "realtime"}
{"iteration": 140, "task_individuals": 2, "task_sifting": 0, "target": "realtime"}
{"iteration": 141, "task_individuals": 2, "task_sifting": 0, "target": "realtime"}
{"iteration": 142, "task_individuals": 2, "task_sifting": 0, "target": "realtime"}
{"iteration": 143, "task_individuals": 2, "task_sifting": 0, "target": "realtime"}
{"iteration": 144, "task_individuals": 2, "task_sifting": 0, "target": "realtime"}
{"iteration": 145, "task_individuals": 2, "task_sifting": 0, "target": "realtime"}
{"iteration": 146, "task_individuals": 2, "task_sifting": 0, "target": "realtime"}
{"iteration": 147, "task_individuals": 2, "task_sifting": 0, "target": "realtime"}
{"iteration": 148, "task_individuals": 2, "task_sifting": 0, "target": "realtime"}
{"iteration": 149, "task_individuals": 2, "task_sifting": 0, "target": "realtime"}
{"iteration": 150, "task_individuals": 2, "task_sifting": 0, "target": "realtime"}
{"iteration": 151, "task_individuals": 2, "task_sifting": 0, "target": "realtime"}
{"iteration": 152, "task_individuals": 2, "task_sifting": 0, "target": "realtime"}
{"iteration": 153, "task_individuals": 2, "task_sifting": 0, "target": "realtime"}
{"iteration": 154, "task_individuals": 2, "task_sifting": 0, "target": "realtime"}
{"iteration": 155, "task_individuals": 2, "task_sifting": 0, "target": "realtime"}
{"iteration": 156, "task_individuals": 2, "task_sifting": 0, "target": "realtime"}
{"iteration": 157, "task_individuals": 2, "task_sifting": 0, "target": "realtime"}
{"iteration": 158, "task_individuals": 2, "task_sifting": 0, "target": "realtime"}
{"iteration": 159, "task_individuals": 2, "task_sifting": 0, "target": "realtime"}
{"iteration": 160, "task_individuals": 2, "task_sifting": 0, "target": "realtime"}
{"iteration": 161, "task_individuals": 2, "task_sifting": 0, "target": "realtime"}
{"iteration": 162, "task_individuals": 2, "task_sifting": 0, "target": "realtime"}
{"iteration": 163, "task_individuals": 2, "task_sifting": 0, "target": "realtime"}
{"iteration": 164, "task_individuals": 2, "task_sifting": 0, "target": "realtime"}
{"iteration": 165, "task_individuals": 2, "task_sifting": 0, "target": "realtime"}
{"iteration": 166, "task_individuals": 2, "task_sifting": 0, "target": "realtime"}
{"iteration": 167, "task_individuals": 2, "task_sifting": 0, "target": "realtime"}
{"iteration": 168, "task_individuals": 2, "task_sifting": 0, "target": "realtime"}
{"iteration": 169, "task_individuals": 2, "task_sifting": 0, "target": "realtime"}
{"iteration": 170, "task_individuals": 2, "task_sifting": 0, "target": "realtime"}
{"iteration": 171, "task_individuals": 2, "task_sifting": 0, "target": "realtime"}
{"iteration": 172, "task_individuals": 2, "task_sifting": 0, "target": "realtime"}
{"iteration": 173, "task_individuals": 2, "task_sifting": 0, "target": "realtime"}
{"iteration": 174, "task_individuals": 2, "task_sifting": 0, "target": "realtime"}
{"iteration": 175, "task_individuals": 2, "task_sifting": 0, "target": "realtime"}
{"iteration": 176, "task_individuals": 2, "task_sifting": 0, "target": "realtime"}
{"iteration": 177, "task_individuals": 2, "task_sifting": 0, "target": "realtime"}
{"iteration": 178, "task_individuals": 2, "task_sifting": 0, "target": "realtime"}
{"iteration": 179, "task_individuals": 2, "task_sifting": 0, "target": "realtime"}
{"iteration": 180, "task_individuals": 2, "task_sifting": 0, "target": "realtime"}
{"iteration": 181, "task_individuals": 2, "task_sifting": 0, "target": "realtime"}
{"iteration": 182, "task_individuals": 2, "task_sifting": 0, "target": "realtime"}
{"iteration": 183, "task_individuals": 2, "task_sifting": 0, "target": "realtime"}
{"iteration": 184, "task_individuals": 2, "task_sifting": 0, "target": "realtime"}
{"iteration": 185, "task_individuals": 2, "task_sifting": 0, "target": "realtime"}
{"iteration": 186, "task_individuals": 2, "task_sifting": 0, "target": "realtime"}
{"iteration": 187, "task_individuals": 2, "task_sifting": 0, "target": "realtime"}
{"iteration": 188, "task_individuals": 2, "task_sifting": 0, "target": "realtime"}
{"iteration": 189, "task_individuals": 2, "task_sifting": 0, "target": "realtime"}
{"iteration": 190, "task_individuals": 2, "task_sifting": 0, "target": "realtime"}
{"iteration": 191, "task_individuals": 2, "task_sifting": 0, "target": "realtime"}
{"iteration": 192, "task_individuals": 2, "task_sifting": 0, "target": "realtime"}
{"iteration": 193, "task_individuals": 2, "task_sifting": 0, "target": "realtime"}
{"iteration": 194, "task_individuals": 2, "task_sifting": 0, "target": "realtime"}
{"iteration": 195, "task_individuals": 2, "task_sifting": 0, "target": "realtime"}
{"iteration": 196, "task_individuals": 2, "task_sifting": 0, "target": "realtime"}
{"iteration": 197, "task_individuals": 2, "task_sifting": 0, "target": "realtime"}
{"iteration": 198, "task_individuals": 2, "task_sifting": 0, "target": "realtime"}
{"iteration": 199, "task_individuals": 2, "task_sifting": 0, "target": "realtime"}
{"iteration": 200, "task_individuals": 2, "task_sifting": 0, "target": "realtime"}
{"iteration": 201, "task_individuals": 2, "task_sifting": 0, "target": "realtime"}
{"iteration": 202, "task_individuals": 2, "task_sifting": 0, "target": "realtime"}
{"iteration": 203, "task_individuals": 2, "task_sifting": 0, "target": "realtime"}
{"iteration": 204, "task_individuals": 2, "task_sifting": 0, "target": "realtime"}
{"iteration": 205, "task_individuals": 2, "task_sifting": 0, "target": "realtime"}
{"iteration": 206, "task_individuals": 2, "task_sifting": 0, "target": "realtime"}
{"iteration": 207, "task_individuals": 2, "task_sifting": 0, "target": "realtime"}
{"iteration": 208, "task_individuals": 2, "task_sifting": 0, "target": "realtime"}
{"iteration": 209, "task_individuals": 2, "task_sifting": 0, "target": "realtime"}
{"iteration": 210, "task_individuals": 2, "task_sifting": 0, "target": "realtime"}
{"iteration": 211, "task_individuals": 2, "task_sifting": 0, "target": "realtime"}
{"iteration": 212, "task_individuals": 2, "task_sifting": 0, "target": "realtime"}
{"iteration": 213, "task_individuals": 2, "task_sifting": 0, "target": "realtime"}
{"iteration": 214, "task_individuals": 2, "task_sifting": 0, "target": "realtime"}
{"iteration": 215, "task_individuals": 2, "task_sifting": 0, "target": "realtime"}
{"iteration": 216, "task_individuals": 2, "task_sifting": 0, "target": "realtime"}
{"iteration": 217, "task_individuals": 2, "task_sifting": 0, "target": "realtime"}
{"iteration": 218, "task_individuals": 2, "task_sifting": 0, "target": "realtime"}
{"iteration": 219, "task_individuals": 2, "task_sifting": 0, "target": "realtime"}
{"iteration": 220, "task_individuals": 2, "task_sifting": 0, "target": "realtime"}
{"iteration": 221, "task_individuals": 2, "task_sifting": 0, "target": "realtime"}
{"iteration": 222, "task_individuals": 2, "task_sifting": 0, "target": "realtime"}
{"iteration": 223, "task_individuals": 2, "task_sifting": 0, "target": "realtime"}
{"iteration": 224, "task_individuals": 2, "task_sifting": 0, "target": "realtime"}
{"iteration": 225, "task_individuals": 2, "task_sifting": 0, "target": "realtime"}
{"iteration": 226, "task_individuals": 2, "task_sifting": 0, "target": "realtime"}
{"iteration": 227, "task_individuals": 2, "task_sifting": 0, "target": "realtime"}
{"iteration": 228, "task_individuals": 2, "task_sifting": 0, "target": "realtime"}
{"iteration": 229, "task_individuals": 2, "task_sifting": 0, "target": "realtime"}
{"iteration": 230, "task_individuals": 2, "task_sifting": 0, "target": "realtime"}
{"iteration": 231, "task_individuals": 2, "task_sifting": 0, "target": "realtime"}
{"iteration": 232, "task_individuals": 2, "task_sifting": 0, "target": "realtime"}
{"iteration": 233, "task_individuals": 2, "task_sifting": 0, "target": "realtime"}
{"iteration": 234, "task_individuals": 2, "task_sifting": 0, "target": "realtime"}
{"iteration": 235, "task_individuals": 2, "task_sifting": 0, "target": "realtime"}
{"iteration": 236, "task_individuals": 2, "task_sifting": 0, "target": "realtime"}
{"iteration": 237, "task_individuals": 2, "task_sifting": 0, "target": "realtime"}
{"iteration": 238, "task_individuals": 2, "task_sifting": 0, "target": "realtime"}
{"iteration": 239, "task_individuals": 2, "task_sifting": 0, "target": "realtime"}
{"iteration": 240, "task_individuals": 2, "task_sifting": 0, "target": "realtime"}
{"iteration": 241, "task_individuals": 2, "task_sifting": 0, "target": "realtime"}
{"iteration": 242, "task_individuals": 2, "task_sifting": 0, "target": "realtime"}
{"iteration": 243, "task_individuals": 2, "task_sifting": 0, "target": "realtime"}
{"iteration": 244, "task_individuals": 2, "task_sifting": 0, "target": "realtime"}
{"iteration": 245, "task_individuals": 2, "task_sifting": 0, "target": "realtime"}
{"iteration": 246, "task_individuals": 2, "task_sifting": 0, "target": "realtime"}
{"iteration": 247, "task_individuals": 2, "task_sifting": 0, "target": "realtime"}
{"iteration": 248, "task_individuals": 2, "task_sifting": 0, "target": "realtime"}
{"iteration": 249, "task_individuals": 2, "task_sifting": 0, "target": "realtime"}
{"iteration": 250, "task_individuals": 2, "task_sifting": 0, "target": "realtime"}
{"iteration": 251, "task_individuals": 2, "task_sifting": 0, "target": "realtime"}
{"iteration": 252, "task_individuals": 2, "task_sifting": 0, "target": "realtime"}
{"iteration": 253, "task_individuals": 2, "task_sifting": 0, "target": "realtime"}
{"iteration": 254, "task_individuals": 2, "task_sifting": 0, "target": "realtime"}
{"iteration": 255, "task_individuals": 2, "task_sifting": 0, "target": "realtime"}
{"iteration": 256, "task_individuals": 2, "task_sifting": 0, "target": "realtime"}
{"iteration": 257, "task_individuals": 2, "task_sifting": 0, "target": "realtime"}
{"iteration": 258, "task_individuals": 2, "task_sifting": 0, "target": "realtime"}
{"iteration": 259, "task_individuals": 2, "task_sifting": 0, "target": "realtime"}
{"iteration": 260, "task_individuals": 2, "task_sifting": 0, "target": "realtime"}
{"iteration": 261, "task_individuals": 2, "task_sifting": 0, "target": "realtime"}
{"iteration": 262, "task_individuals": 2, "task_sifting": 0, "target": "realtime"}
{"iteration": 263, "task_individuals": 2, "task_sifting": 0, "target": "realtime"}
{"iteration": 264, "task_individuals": 2, "task_sifting": 0, "target": "realtime"}
{"iteration": 265, "task_individuals": 2, "task_sifting": 0, "target": "realtime"}
{"iteration": 266, "task_individuals": 2, "task_sifting": 0, "target": "realtime"}
{"iteration": 267, "task_individuals": 2, "task_sifting": 0, "target": "realtime"}
{"iteration": 268, "task_individuals": 2, "task_sifting": 0, "target": "realtime"}
{"iteration": 269, "task_individuals": 2, "task_sifting": 0, "target": "realtime"}
{"iteration": 270, "task_individuals": 2, "task_sifting": 0, "target": "realtime"}
{"iteration": 271, "task_individuals": 2, "task_sifting": 0, "target": "realtime"}
{"iteration": 272, "task_individuals": 2, "task_sifting": 0, "target": "realtime"}
{"iteration": 273, "task_individuals": 2, "task_sifting": 0, "target": "realtime"}
{"iteration": 274, "task_individuals": 2, "task_sifting": 0, "target": "realtime"}
{"iteration": 275, "task_individuals": 2, "task_sifting": 0, "target": "realtime"}
{"iteration": 276, "task_individuals": 2, "task_sifting": 0, "target": "realtime"}
{"iteration": 277, "task_individuals": 2, "task_sifting": 0, "target": "realtime"}
{"iteration": 278, "task_individuals": 2, "task_sifting": 0, "target": "realtime"}
{"iteration": 279, "task_individuals": 2, "task_sifting": 0, "target": "realtime"}
{"iteration": 280, "task_individuals": 2, "task_sifting": 0, "target": "realtime"}
{"iteration": 281, "task_individuals": 2, "task_sifting": 0, "target": "realtime"}
{"iteration": 282, "task_individuals": 2, "task_sifting": 0, "target": "realtime"}
{"iteration": 283, "task_individuals": 2, "task_sifting": 0, "target": "realtime"}
{"iteration": 284, "task_individuals": 2, "task_sifting": 0, "target": "realtime"}
{"iteration": 285, "task_individuals": 2, "task_sifting": 0, "target": "realtime"}
{"iteration": 286, "task_individuals": 2, "task_sifting": 0, "target": "realtime"}
{"iteration": 287, "task_individuals": 2, "task_sifting": 0, "target": "realtime"}
{"iteration": 288, "task_individuals": 2, "task_sifting": 0, "target": "realtime"}
{"iteration": 289, "task_individuals": 2, "task_sifting": 0, "target": "realtime"}
{"iteration": 290, "task_individuals": 2, "task_sifting": 0, "target": "realtime"}
{"iteration": 291, "task_individuals": 2, "task_sifting": 0, "target": "realtime"}
{"iteration": 292, "task_individuals": 2, "task_sifting": 0, "target": "realtime"}
{"iteration": 293, "task_individuals": 2, "task_sifting": 0, "target": "realtime"}
{"iteration": 294, "task_individuals": 2, "task_sifting": 0, "target": "realtime"}
{"iteration": 295, "task_individuals": 2, "task_sifting": 0, "target": "realtime"}
{"iteration": 296, "task_individuals": 2, "task_sifting": 0, "target": "realtime"}
{"iteration": 297, "task_individuals": 2, "task_sifting": 0, "target": "realtime"}
{"iteration": 298, "task_individuals": 2, "task_sifting": 0, "target": "realtime"}
{"iteration": 299, "task_individuals": 2, "task_sifting": 0, "target": "realtime"}
{"iteration": 300, "task_individuals": 2, "task_sifting": 0, "target": "realtime"}
{"iteration": 301, "task_individuals": 2, "task_sifting": 0, "target": "realtime"}
{"iteration": 302, "task_individuals": 2, "task_sifting": 0, "target": "realtime"}
{"iteration": 303, "task_individuals": 2, "task_sifting": 0, "target": "realtime"}
{"iteration": 304, "task_individuals": 2, "task_sifting": 0, "target": "realtime"}
{"iteration": 305, "task_individuals": 2, "task_sifting": 0, "target": "realtime"}
{"iteration": 306, "task_individuals": 2, "task_sifting": 0, "target": "realtime"}
{"iteration": 307, "task_individuals": 2, "task_sifting": 0, "target": "realtime"}
{"iteration": 308, "task_individuals": 2, "task_sifting": 0, "target": "realtime"}
{"iteration": 309, "task_individuals": 2, "task_sifting": 0, "target": "realtime"}
{"iteration": 310, "task_individuals": 2, "task_sifting": 0, "target": "realtime"}
{"iteration": 311, "task_individuals": 2, "task_sifting": 0, "target": "realtime"}
{"iteration": 312, "task_individuals": 2, "task_sifting": 0, "target": "realtime"}
{"iteration": 313, "task_individuals": 2, "task_sifting": 0, "target": "realtime"}
{"iteration": 314, "task_individuals": 2, "task_sifting": 0, "target": "realtime"}
{"iteration": 315, "task_individuals": 2, "task_sifting": 0, "target": "realtime"}
{"iteration": 316, "task_individuals": 2, "task_sifting": 0, "target": "realtime"}
{"iteration": 317, "task_individuals": 2, "task_sifting": 0, "target": "realtime"}
{"iteration": 318, "task_individuals": 2, "task_sifting": 0, "target": "realtime"}
{"iteration": 319, "task_individuals": 2, "task_sifting": 0, "target": "realtime"}
{"iteration": 320, "task_individuals": 2, "task_sifting": 0, "target": "realtime"}
{"iteration": 321, "task_individuals": 2, "task_sifting": 0, "target": "realtime"}
{"iteration": 322, "task_individuals": 2, "task_sifting": 0, "target": "realtime"}
{"iteration": 323, "task_individuals": 2, "task_sifting": 0, "target": "realtime"}
{"iteration": 324, "task_individuals": 2, "task_sifting": 0, "target": "realtime"}
{"iteration": 325, "task_individuals": 2, "task_sifting": 0, "target": "realtime"}
{"iteration": 326, "task_individuals": 2, "task_sifting": 0, "target": "realtime"}
{"iteration": 327, "task_individuals": 2, "task_sifting": 0, "target": "realtime"}
{"iteration": 328, "task_individuals": 2, "task_sifting": 0, "target": "realtime"}
{"iteration": 329, "task_individuals": 2, "task_sifting": 0, "target": "realtime"}
{"iteration": 330, "task_individuals": 2, "task_sifting": 0, "target": "realtime"}
{"iteration": 331, "task_individuals": 2, "task_sifting": 0, "target": "realtime"}
{"iteration": 332, "task_individuals": 2, "task_sifting": 0, "target": "realtime"}
{"iteration": 333, "task_individuals": 2, "task_sifting": 0, "target": "realtime"}
{"iteration": 334, "task_individuals": 2, "task_sifting": 0, "target": "realtime"}
{"iteration": 335, "task_individuals": 2, "task_sifting": 0, "target": "realtime"}
{"iteration": 336, "task_individuals": 2, "task_sifting": 0, "target": "realtime"}
{"iteration": 337, "task_individuals": 2, "task_sifting": 0, "target": "realtime"}
{"iteration": 338, "task_individuals": 2, "task_sifting": 0, "target": "realtime"}
{"iteration": 339, "task_individuals": 2, "task_sifting": 0, "target": "realtime"}
{"iteration": 340, "task_individuals": 2, "task_sifting": 0, "target": "realtime"}
{"iteration": 341, "task_individuals": 2, "task_sifting": 0, "target": "realtime"}
{"iteration": 342, "task_individuals": 2, "task_sifting": 0, "target": "realtime"}
{"iteration": 343, "task_individuals": 2, "task_sifting": 0, "target": "realtime"}
{"iteration": 344, "task_individuals": 2, "task_sifting": 0, "target": "realtime"}
{"iteration": 345, "task_individuals": 2, "task_sifting": 0, "target": "realtime"}
{"iteration": 346, "task_individuals": 2, "task_sifting": 0, "target": "realtime"}
{"iteration": 347, "task_individuals": 2, "task_sifting": 0, "target": "realtime"}
{"iteration": 348, "task_individuals": 2, "task_sifting": 0, "target": "realtime"}
{"iteration": 349, "task_individuals": 2, "task_sifting": 0, "target": "realtime"}
{"iteration": 350, "task_individuals": 2, "task_sifting": 0, "target": "realtime"}
{"iteration": 351, "task_individuals": 2, "task_sifting": 0, "target": "realtime"}
{"iteration": 352, "task_individuals": 2, "task_sifting": 0, "target": "realtime"}
{"iteration": 353, "task_individuals": 2, "task_sifting": 0, "target": "realtime"}
{"iteration": 354, "task_individuals": 2, "task_sifting": 0, "target": "realtime"}
{"iteration": 355, "task_individuals": 2, "task_sifting": 0, "target": "realtime"}
{"iteration": 356, "task_individuals": 2, "task_sifting": 0, "target": "realtime"}
{"iteration": 357, "task_individuals": 2, "task_sifting": 0, "target": "realtime"}
{"iteration": 358, "task_individuals": 2, "task_sifting": 0, "target": "realtime"}
{"iteration": 359, "task_individuals": 2, "task_sifting": 0, "target": "realtime"}
{"iteration": 360, "task_individuals": 2, "task_sifting": 0, "target": "realtime"}
{"iteration": 361, "task_individuals": 2, "task_sifting": 0, "target": "realtime"}
{"iteration": 362, "task_individuals": 2, "task_sifting": 0, "target": "realtime"}
{"iteration": 363, "task_individuals": 2, "task_sifting": 0, "target": "realtime"}
{"iteration": 364, "task_individuals": 2, "task_sifting": 0, "target": "realtime"}
{"iteration": 365, "task_individuals": 2, "task_sifting": 0, "target": "realtime"}
{"iteration": 366, "task_individuals": 2, "task_sifting": 0, "target": "realtime"}
{"iteration": 367, "task_individuals": 2, "task_sifting": 0, "target": "realtime"}
{"iteration": 368, "task_individuals": 2, "task_sifting": 0, "target": "realtime"}
{"iteration": 369, "task_individuals": 2, "task_sifting": 0, "target": "realtime"}
{"iteration": 370, "task_individuals": 2, "task_sifting": 0, "target": "realtime"}
{"iteration": 371, "task_individuals": 2, "task_sifting": 0, "target": "realtime"}
{"iteration": 372, "task_individuals": 2, "task_sifting": 0, "target": "realtime"}
{"iteration": 373, "task_individuals": 2, "task_sifting": 0, "target": "realtime"}
{"iteration": 374, "task_individuals": 2, "task_sifting": 0, "target": "realtime"}
{"iteration": 375, "task_individuals": 2, "task_sifting": 0, "target": "realtime"}
{"iteration": 376, "task_individuals": 2, "task_sifting": 0, "target": "realtime"}
{"iteration": 377, "task_individuals": 2, "task_sifting": 0, "target": "realtime"}
{"iteration": 378, "task_individuals": 2, "task_sifting": 0, "target": "realtime"}
{"iteration": 379, "task_individuals": 2, "task_sifting": 0, "target": "realtime"}
{"iteration": 380, "task_individuals": 2, "task_sifting": 0, "target": "realtime"}
{"iteration": 381, "task_individuals": 2, "task_sifting": 0, "target": "realtime"}
{"iteration": 382, "task_individuals": 2, "task_sifting": 0, "target": "realtime"}
{"iteration": 383, "task_individuals": 2, "task_sifting": 0, "target": "realtime"}
{"iteration": 384, "task_individuals": 2, "task_sifting": 0, "target": "realtime"}
{"iteration": 385, "task_individuals": 2, "task_sifting": 0, "target": "realtime"}
{"iteration": 386, "task_individuals": 2, "task_sifting": 0, "target": "realtime"}
{"iteration": 387, "task_individuals": 2, "task_sifting": 0, "target": "realtime"}
{"iteration": 388, "task_individuals": 2, "task_sifting": 0, "target": "realtime"}
{"iteration": 389, "task_individuals": 2, "task_sifting": 0, "target": "realtime"}
{"iteration": 390, "task_individuals": 2, "task_sifting": 0, "target": "realtime"}
{"iteration": 391, "task_individuals": 2, "task_sifting": 0, "target": "realtime"}
{"iteration": 392, "task_individuals": 2, "task_sifting": 0, "target": "realtime"}
{"iteration": 393, "task_individuals": 2, "task_sifting": 0, "target": "realtime"}
{"iteration": 394, "task_individuals": 2, "task_sifting": 0, "target": "realtime"}
{"iteration": 395, "task_individuals": 2, "task_sifting": 0, "target": "realtime"}
{"iteration": 396, "task_individuals": 2, "task_sifting": 0, "target": "realtime"}
{"iteration": 397, "task_individuals": 2, "task_sifting": 0, "target": "realtime"}
{"iteration": 398, "task_individuals": 2, "task_sifting": 0, "target": "realtime"}
{"iteration": 399, "task_individuals": 2, "task_sifting": 0, "target": "realtime"}
{"iteration": 400, "task_individuals": 2, "task_sifting": 0, "target": "realtime"}
{"iteration": 401, "task_individuals": 2, "task_sifting": 0, "target": "realtime"}
{"iteration": 402, "task_individuals": 2, "task_sifting": 0, "target": "realtime"}
{"iteration": 403, "task_individuals": 2, "task_sifting": 0, "target": "realtime"}
{"iteration": 404, "task_individuals": 2, "task_sifting": 0, "target": "realtime"}
{"iteration": 405, "task_individuals": 2, "task_sifting": 0, "target": "realtime"}
{"iteration": 406, "task_individuals": 2, "task_sifting": 0, "target": "realtime"}
{"iteration": 407, "task_individuals": 2, "task_sifting": 0, "target": "realtime"}
{"iteration": 408, "task_individuals": 2, "task_sifting": 0, "target": "realtime"}
{"iteration": 409, "task_individuals": 2, "task_sifting": 0, "target": "realtime"}
{"iteration": 410, "task_individuals": 2, "task_sifting": 0, "target": "realtime"}
{"iteration": 411, "task_individuals": 2, "task_sifting": 0, "target": "realtime"}
{"iteration": 412, "task_individuals": 2, "task_sifting": 0, "target": "realtime"}
{"iteration": 413, "task_individuals": 2, "task_sifting": 0, "target": "realtime"}
{"iteration": 414, "task_individuals": 2, "task_sifting": 0, "target": "realtime"}
{"iteration": 415, "task_individuals": 2, "task_sifting": 0, "target": "realtime"}
{"iteration": 416, "task_individuals": 2, "task_sifting": 0, "target": "realtime"}
{"iteration": 417, "task_individuals": 2, "task_sifting": 0, "target": "realtime"}
{"iteration": 418, "task_individuals": 2, "task_sifting": 0, "target": "realtime"}
{"iteration": 419, "task_individuals": 2, "task_sifting": 0, "target": "realtime"}
{"iteration": 420, "task_individuals": 2, "task_sifting": 0, "target": "realtime"}
{"iteration": 421, "task_individuals": 2, "task_sifting": 0, "target": "realtime"}
{"iteration": 422, "task_individuals": 2, "task_sifting": 0, "target": "realtime"}
{"iteration": 423, "task_individuals": 2, "task_sifting": 0, "target": "realtime"}
{"iteration": 424, "task_individuals": 2, "task_sifting": 0, "target": "realtime"}
{"iteration": 425, "task_individuals": 2, "task_sifting": 0, "target": "realtime"}
{"iteration": 426, "task_individuals": 2, "task_sifting": 0, "target": "realtime"}
{"iteration": 427, "task_individuals": 2, "task_sifting": 0, "target": "realtime"}
{"iteration": 428, "task_individuals": 2, "task_sifting": 0, "target": "realtime"}
{"iteration": 429, "task_individuals": 2, "task_sifting": 0, "target": "realtime"}
{"iteration": 430, "task_individuals": 2, "task_individuals_merge": 1, "task_sifting": 0, "target": "realtime"}
{"iteration": 431, "task_individuals": 2, "task_individuals_merge": 2, "task_sifting": 0, "target": "realtime"}
{"iteration": 432, "task_individuals": 2, "task_individuals_merge": 2, "task_sifting": 0, "target": "realtime"}
{"iteration": 433, "task_individuals": 2, "task_individuals_merge": 2, "task_sifting": 0, "target": "realtime"}
{"iteration": 434, "task_individuals": 2, "task_individuals_merge": 2, "task_sifting": 0, "target": "realtime"}
{"iteration": 435, "task_individuals": 2, "task_individuals_merge": 2, "task_sifting": 0, "target": "realtime"}
{"iteration": 436, "task_individuals": 2, "task_individuals_merge": 2, "task_sifting": 0, "target": "realtime"}
{"iteration": 437, "task_individuals": 2, "task_individuals_merge": 2, "task_sifting": 0, "target": "realtime"}
{"iteration": 438, "task_individuals": 2, "task_individuals_merge": 2, "task_sifting": 0, "target": "realtime"}
{"iteration": 439, "task_individuals": 2, "task_individuals_merge": 2, "task_sifting": 0, "target": "realtime"}
{"iteration": 440, "task_individuals": 2, "task_individuals_merge": 2, "task_sifting": 0, "target": "realtime"}
{"iteration": 441, "task_individuals": 2, "task_individuals_merge": 2, "task_sifting": 0, "target": "realtime"}
{"iteration": 442, "task_individuals": 2, "task_individuals_merge": 2, "task_sifting": 0, "target": "realtime"}
{"iteration": 443, "task_individuals": 2, "task_individuals_merge": 2, "task_sifting": 0, "target": "realtime"}
{"iteration": 444, "task_individuals": 2, "task_individuals_merge": 2, "task_sifting": 0, "target": "realtime"}
{"iteration": 445, "task_individuals": 2, "task_individuals_merge": 2, "task_sifting": 0, "target": "realtime"}
{"iteration": 446, "task_individuals": 2, "task_individuals_merge": 2, "task_mutation_overlap": 0, "task_sifting": 0, "target": "realtime"}
{"iteration": 447, "task_individuals": 2, "task_individuals_merge": 2, "task_mutation_overlap": 0, "task_sifting": 0, "target": "realtime"}
{"iteration": 448, "task_individuals": 2, "task_individuals_merge": 2, "task_mutation_overlap": 0, "task_sifting": 0, "target": "realtime"}
{"iteration": 449, "task_individuals": 2, "task_individuals_merge": 2, "task_mutation_overlap": 0, "task_sifting": 0, "target": "realtime"}
{"iteration": 450, "task_individuals": 2, "task_individuals_merge": 2, "task_mutation_overlap": 0, "task_sifting": 0, "target": "realtime"}
{"iteration": 451, "task_individuals": 2, "task_individuals_merge": 2, "task_mutation_overlap": 0, "task_sifting": 0, "target": "realtime"}
{"iteration": 452, "task_individuals": 2, "task_individuals_merge": 2, "task_mutation_overlap": 0, "task_sifting": 0, "target": "realtime"}
{"iteration": 453, "task_individuals": 2, "task_individuals_merge": 2, "task_mutation_overlap": 0, "task_sifting": 0, "target": "realtime"}
{"iteration": 454, "task_individuals": 2, "task_individuals_merge": 2, "task_mutation_overlap": 0, "task_sifting": 0, "target": "realtime"}
{"iteration": 455, "task_individuals": 2, "task_individuals_merge": 2, "task_mutation_overlap": 0, "task_sifting": 1, "target": "realtime"}
{"iteration": 456, "task_individuals": 2, "task_individuals_merge": 2, "task_mutation_overlap": 0, "task_sifting": 1, "task_frequency": 1, "target": "realtime"}
{"iteration": 457, "task_individuals": 2, "task_individuals_merge": 2, "task_mutation_overlap": 0, "task_sifting": 1, "task_frequency": 1, "target": "realtime"}
{"iteration": 458, "task_individuals": 2, "task_individuals_merge": 2, "task_mutation_overlap": 0, "task_sifting": 1, "task_frequency": 1, "target": "realtime"}
{"iteration": 459, "task_individuals": 2, "task_individuals_merge": 2, "task_mutation_overlap": 0, "task_sifting": 1, "task_frequency": 1, "target": "realtime"}
{"iteration": 460, "task_individuals": 2, "task_individuals_merge": 2, "task_mutation_overlap": 0, "task_sifting": 1, "task_frequency": 1, "target": "realtime"}
{"iteration": 461, "task_individuals": 2, "task_individuals_merge": 2, "task_mutation_overlap": 0, "task_sifting": 1, "task_frequency": 1, "target": "realtime"}
{"iteration": 462, "task_individuals": 2, "task_individuals_merge": 2, "task_mutation_overlap": 0, "task_sifting": 1, "task_frequency": 1, "target": "realtime"}
{"iteration": 463, "task_individuals": 2, "task_individuals_merge": 2, "task_mutation_overlap": 0, "task_sifting": 1, "task_frequency": 1, "target": "realtime"}
{"iteration": 464, "task_individuals": 2, "task_individuals_merge": 2, "task_mutation_overlap": 0, "task_sifting": 1, "task_frequency": 1, "target": "realtime"}
{"iteration": 465, "task_individuals": 2, "task_individuals_merge": 2, "task_mutation_overlap": 0, "task_sifting": 1, "task_frequency": 1, "target": "realtime"}
{"iteration": 466, "task_individuals": 2, "task_individuals_merge": 2, "task_mutation_overlap": 0, "task_sifting": 1, "task_frequency": 1, "target": "realtime"}
{"iteration": 467, "task_individuals": 2, "task_individuals_merge": 2, "task_mutation_overlap": 0, "task_sifting": 1, "task_frequency": 1, "target": "realtime"}
{"iteration": 468, "task_individuals": 2, "task_individuals_merge": 2, "task_mutation_overlap": 0, "task_sifting": 1, "task_frequency": 1, "target": "realtime"}
{"iteration": 469, "task_individuals": 2, "task_individuals_merge": 2, "task_mutation_overlap": 0, "task_sifting": 1, "task_frequency": 1, "target": "realtime"}
{"iteration": 470, "task_individuals": 2, "task_individuals_merge": 2, "task_mutation_overlap": 0, "task_sifting": 1, "task_frequency": 1, "target": "realtime"}
{"iteration": 471, "task_individuals": 2, "task_individuals_merge": 2, "task_mutation_overlap": 0, "task_sifting": 1, "task_frequency": 1, "target": "realtime"}
{"iteration": 472, "task_individuals": 2, "task_individuals_merge": 2, "task_mutation_overlap": 0, "task_sifting": 1, "task_frequency": 1, "target": "realtime"}
{"iteration": 473, "task_individuals": 2, "task_individuals_merge": 2, "task_mutation_overlap": 0, "task_sifting": 1, "task_frequency": 1, "target": "realtime"}
{"iteration": 474, "task_individuals": 2, "task_individuals_merge": 2, "task_mutation_overlap": 1, "task_sifting": 1, "task_frequency": 1, "target": "realtime"}
{"iteration": 475, "task_individuals": 2, "task_individuals_merge": 2, "task_mutation_overlap": 1, "task_sifting": 1, "task_frequency": 1, "target": "realtime"}
{"iteration": 476, "task_individuals": 2, "task_individuals_merge": 2, "task_mutation_overlap": 1, "task_sifting": 1, "task_frequency": 1, "target": "realtime"}
{"iteration": 477, "task_individuals": 2, "task_individuals_merge": 2, "task_mutation_overlap": 1, "task_sifting": 1, "task_frequency": 1, "target": "realtime"}
{"iteration": 478, "task_individuals": 2, "task_individuals_merge": 2, "task_mutation_overlap": 1, "task_sifting": 1, "task_frequency": 1, "target": "realtime"}
{"iteration": 479, "task_individuals": 2, "task_individuals_merge": 2, "task_mutation_overlap": 1, "task_sifting": 1, "task_frequency": 1, "target": "realtime"}
{"iteration": 480, "task_individuals": 2, "task_individuals_merge": 2, "task_mutation_overlap": 1, "task_sifting": 1, "task_frequency": 1, "target": "realtime"}
{"iteration": 481, "task_individuals": 2, "task_individuals_merge": 2, "task_mutation_overlap": 1, "task_sifting": 1, "task_frequency": 1, "target": "realtime"}
{"iteration": 482, "task_individuals": 2, "task_individuals_merge": 2, "task_mutation_overlap": 1, "task_sifting": 1, "task_frequency": 1, "target": "realtime"}
{"iteration": 483, "task_individuals": 2, "task_individuals_merge": 2, "task_mutation_overlap": 1, "task_sifting": 1, "task_frequency": 1, "target": "realtime"}
{"iteration": 484, "task_individuals": 2, "task_individuals_merge": 2, "task_mutation_overlap": 1, "task_sifting": 1, "task_frequency": 1, "target": "realtime"}
{"iteration": 485, "task_individuals": 2, "task_individuals_merge": 2, "task_mutation_overlap": 1, "task_sifting": 1, "task_frequency": 1, "target": "realtime"}
{"iteration": 486, "task_individuals": 2, "task_individuals_merge": 2, "task_mutation_overlap": 1, "task_sifting": 1, "task_frequency": 1, "target": "realtime"}
{"iteration": 487, "task_individuals": 2, "task_individuals_merge": 2, "task_mutation_overlap": 1, "task_sifting": 1, "task_frequency": 1, "target": "realtime"}
{"iteration": 488, "task_individuals": 2, "task_individuals_merge": 2, "task_mutation_overlap": 1, "task_sifting": 1, "task_frequency": 1, "target": "realtime"}
{"iteration": 489, "task_individuals": 2, "task_individuals_merge": 2, "task_mutation_overlap": 2, "task_sifting": 1, "task_frequency": 1, "target": "realtime"}
{"iteration": 490, "task_individuals": 2, "task_individuals_merge": 2, "task_mutation_overlap": 2, "task_sifting": 1, "task_frequency": 1, "target": "realtime"}
{"iteration": 491, "task_individuals": 2, "task_individuals_merge": 2, "task_mutation_overlap": 2, "task_sifting": 1, "task_frequency": 1, "target": "realtime"}
{"iteration": 492, "task_individuals": 2, "task_individuals_merge": 2, "task_mutation_overlap": 2, "task_sifting": 1, "task_frequency": 1, "target": "realtime"}
{"iteration": 493, "task_individuals": 2, "task_individuals_merge": 2, "task_mutation_overlap": 2, "task_sifting": 1, "task_frequency": 1, "target": "realtime"}
{"iteration": 494, "task_individuals": 2, "task_individuals_merge": 2, "task_mutation_overlap": 2, "task_sifting": 1, "task_frequency": 2, "target": "realtime"}
{"iteration": 495, "task_individuals": 2, "task_individuals_merge": 2, "task_mutation_overlap": 2, "task_sifting": 1, "task_frequency": 2, "target": "realtime"}
{"iteration": 496, "task_individuals": 2, "task_individuals_merge": 2, "task_mutation_overlap": 2, "task_sifting": 1, "task_frequency": 2, "target": "realtime"}
{"iteration": 497, "task_individuals": 2, "task_individuals_merge": 2, "task_mutation_overlap": 2, "task_sifting": 1, "task_frequency": 2, "target": "realtime"}
{"iteration": 498, "task_individuals": 2, "task_individuals_merge": 2, "task_mutation_overlap": 2, "task_sifting": 1, "task_frequency": 2, "target": "realtime"}
{"iteration": 499, "task_individuals": 2, "task_individuals_merge": 2, "task_mutation_overlap": 2, "task_sifting": 1, "task_frequency": 2, "target": "realtime"}
{"iteration": 500, "task_individuals": 2, "task_individuals_merge": 2, "task_mutation_overlap": 2, "task_sifting": 1, "task_frequency": 2, "target": "realtime"}
{"iteration": 501, "task_individuals": 2, "task_individuals_merge": 2, "task_mutation_overlap": 2, "task_sifting": 1, "task_frequency": 2, "target": "realtime"}
{"iteration": 502, "task_individuals": 2, "task_individuals_merge": 2, "task_mutation_overlap": 2, "task_sifting": 1, "task_frequency": 2, "target": "realtime"}
{"iteration": 503, "task_individuals": 2, "task_individuals_merge": 2, "task_mutation_overlap": 2, "task_sifting": 1, "task_frequency": 2, "target": "realtime"}
{"iteration": 504, "task_individuals": 2, "task_individuals_merge": 2, "task_mutation_overlap": 2, "task_sifting": 1, "task_frequency": 2, "target": "realtime"}
{"iteration": 505, "task_individuals": 2, "task_individuals_merge": 2, "task_mutation_overlap": 2, "task_sifting": 1, "task_frequency": 2, "target": "realtime"}
{"iteration": 506, "task_individuals": 2, "task_individuals_merge": 2, "task_mutation_overlap": 2, "task_sifting": 1, "task_frequency": 2, "target": "realtime"}
{"iteration": 507, "task_individuals": 2, "task_individuals_merge": 2, "task_mutation_overlap": 2, "task_sifting": 1, "task_frequency": 2, "target": "realtime"}
{"iteration": 508, "task_individuals": 2, "task_individuals_merge": 2, "task_mutation_overlap": 2, "task_sifting": 1, "task_frequency": 2, "target": "realtime"}
{"iteration": 509, "task_individuals": 2, "task_individuals_merge": 2, "task_mutation_overlap": 2, "task_sifting": 1, "task_frequency": 2, "target": "realtime"}
{"iteration": 510, "task_individuals": 2, "task_individuals_merge": 2, "task_mutation_overlap": 2, "task_sifting": 1, "task_frequency": 2, "target": "realtime"}
{"iteration": 511, "task_individuals": 2, "task_individuals_merge": 2, "task_mutation_overlap": 2, "task_sifting": 1, "task_frequency": 2, "target": "realtime"}
{"iteration": 512, "task_individuals": 2, "task_individuals_merge": 2, "task_mutation_overlap": 2, "task_sifting": 1, "task_frequency": 2, "target": "realtime"}
{"iteration": 513, "task_individuals": 2, "task_individuals_merge": 2, "task_mutation_overlap": 2, "task_sifting": 1, "task_frequency": 2, "target": "realtime"}
{"iteration": 514, "task_individuals": 2, "task_individuals_merge": 2, "task_mutation_overlap": 2, "task_sifting": 1, "task_frequency": 2, "target": "realtime"}
{"iteration": 515, "task_individuals": 2, "task_individuals_merge": 2, "task_mutation_overlap": 2, "task_sifting": 1, "task_frequency": 2, "target": "realtime"}
{"iteration": 516, "task_individuals": 2, "task_individuals_merge": 2, "task_mutation_overlap": 2, "task_sifting": 1, "task_frequency": 2, "target": "realtime"}
{"iteration": 517, "task_individuals": 2, "task_individuals_merge": 2, "task_mutation_overlap": 2, "task_sifting": 1, "task_frequency": 2, "target": "realtime"}
{"iteration": 518, "task_individuals": 2, "task_individuals_merge": 2, "task_mutation_overlap": 2, "task_sifting": 1, "task_frequency": 2, "target": "realtime"}
{"iteration": 519, "task_individuals": 2, "task_individuals_merge": 2, "task_mutation_overlap": 2, "task_sifting": 1, "task_frequency": 2, "target": "realtime"}
{"iteration": 520, "task_individuals": 2, "task_individuals_merge": 2, "task_mutation_overlap": 2, "task_sifting": 1, "task_frequency": 2, "target": "realtime"}
{"iteration": 521, "task_individuals": 2, "task_individuals_merge": 2, "task_mutation_overlap": 2, "task_sifting": 1, "task_frequency": 2, "target": "realtime"}
{"iteration": 522, "task_individuals": 2, "task_individuals_merge": 2, "task_mutation_overlap": 2, "task_sifting": 1, "task_frequency": 2, "target": "realtime"}
{"iteration": 523, "task_individuals": 2, "task_individuals_merge": 2, "task_mutation_overlap": 2, "task_sifting": 1, "task_frequency": 2, "target": "realtime"}
{"iteration": 524, "task_individuals": 2, "task_individuals_merge": 2, "task_mutation_overlap": 2, "task_sifting": 1, "task_frequency": 2, "target": "realtime"}
{"iteration": 525, "task_individuals": 2, "task_individuals_merge": 2, "task_mutation_overlap": 2, "task_sifting": 1, "task_frequency": 2, "target": "realtime"}
{"iteration": 526, "task_individuals": 2, "task_individuals_merge": 2, "task_mutation_overlap": 2, "task_sifting": 1, "task_frequency": 2, "target": "realtime"}
{"iteration": 527, "task_individuals": 2, "task_individuals_merge": 2, "task_mutation_overlap": 2, "task_sifting": 1, "task_frequency": 2, "target": "realtime"}
{"iteration": 528, "task_individuals": 2, "task_individuals_merge": 2, "task_mutation_overlap": 2, "task_sifting": 1, "task_frequency": 2, "target": "realtime"}
{"iteration": 529, "task_individuals": 2, "task_individuals_merge": 2, "task_mutation_overlap": 2, "task_sifting": 1, "task_frequency": 2, "target": "realtime"}
{"iteration": 530, "task_individuals": 2, "task_individuals_merge": 2, "task_mutation_overlap": 2, "task_sifting": 1, "task_frequency": 2, "target": "realtime"}
{"iteration": 531, "task_individuals": 2, "task_individuals_merge": 2, "task_mutation_overlap": 2, "task_sifting": 1, "task_frequency": 2, "target": "realtime"}
{"iteration": 532, "task_individuals": 2, "task_individuals_merge": 2, "task_mutation_overlap": 1, "task_sifting": 1, "task_frequency": 2, "target": "realtime"}
{"iteration": 533, "task_individuals": 2, "task_individuals_merge": 2, "task_mutation_overlap": 1, "task_sifting": 1, "task_frequency": 2, "target": "realtime"}
{"iteration": 534, "task_individuals": 2, "task_individuals_merge": 2, "task_mutation_overlap": 1, "task_sifting": 1, "task_frequency": 2, "target": "realtime"}
{"iteration": 535, "task_individuals": 2, "task_individuals_merge": 2, "task_mutation_overlap": 1, "task_sifting": 1, "task_frequency": 2, "target": "realtime"}
{"iteration": 536, "task_individuals": 2, "task_individuals_merge": 2, "task_mutation_overlap": 1, "task_sifting": 1, "task_frequency": 2, "target": "realtime"}
{"iteration": 537, "task_individuals": 2, "task_individuals_merge": 2, "task_mutation_overlap": 1, "task_sifting": 1, "task_frequency": 2, "target": "realtime"}
{"iteration": 538, "task_individuals": 2, "task_individuals_merge": 2, "task_mutation_overlap": 1, "task_sifting": 1, "task_frequency": 2, "target": "realtime"}
{"iteration": 539, "task_individuals": 2, "task_individuals_merge": 2, "task_mutation_overlap": 1, "task_sifting": 1, "task_frequency": 2, "target": "realtime"}
{"iteration": 540, "task_individuals": 2, "task_individuals_merge": 2, "task_mutation_overlap": 2, "task_sifting": 1, "task_frequency": 2, "target": "realtime"}
{"iteration": 541, "task_individuals": 2, "task_individuals_merge": 2, "task_mutation_overlap": 2, "task_sifting": 1, "task_frequency": 2, "target": "realtime"}
{"iteration": 542, "task_individuals": 2, "task_individuals_merge": 2, "task_mutation_overlap": 2, "task_sifting": 1, "task_frequency": 2, "target": "realtime"}
{"iteration": 543, "task_individuals": 2, "task_individuals_merge": 2, "task_mutation_overlap": 2, "task_sifting": 1, "task_frequency": 2, "target": "realtime"}
{"iteration": 544, "task_individuals": 2, "task_individuals_merge": 2, "task_mutation_overlap": 2, "task_sifting": 1, "task_frequency": 2, "target": "realtime"}
{"iteration": 545, "task_individuals": 2, "task_individuals_merge": 2, "task_mutation_overlap": 2, "task_sifting": 1, "task_frequency": 2, "target": "realtime"}
{"iteration": 546, "task_individuals": 2, "task_individuals_merge": 2, "task_mutation_overlap": 2, "task_sifting": 1, "task_frequency": 2, "target": "realtime"}
{"iteration": 547, "task_individuals": 2, "task_individuals_merge": 2, "task_mutation_overlap": 2, "task_sifting": 1, "task_frequency": 2, "target": "realtime"}
{"iteration": 548, "task_individuals": 2, "task_individuals_merge": 2, "task_mutation_overlap": 2, "task_sifting": 1, "task_frequency": 2, "target": "realtime"}
{"iteration": 549, "task_individuals": 2, "task_individuals_merge": 2, "task_mutation_overlap": 2, "task_sifting": 1, "task_frequency": 2, "target": "realtime"}
{"iteration": 550, "task_individuals": 2, "task_individuals_merge": 2, "task_mutation_overlap": 2, "task_sifting": 1, "task_frequency": 2, "target": "realtime"}
{"iteration": 551, "task_individuals": 2, "task_individuals_merge": 2, "task_mutation_overlap": 2, "task_sifting": 1, "task_frequency": 2, "target": "realtime"}
{"iteration": 552, "task_individuals": 2, "task_individuals_merge": 2, "task_mutation_overlap": 1, "task_sifting": 1, "task_frequency": 2, "target": "realtime"}
{"iteration": 553, "task_individuals": 2, "task_individuals_merge": 2, "task_mutation_overlap": 1, "task_sifting": 1, "task_frequency": 2, "target": "realtime"}
{"iteration": 554, "task_individuals": 2, "task_individuals_merge": 2, "task_mutation_overlap": 1, "task_sifting": 1, "task_frequency": 2, "target": "realtime"}
{"iteration": 555, "task_individuals": 2, "task_individuals_merge": 2, "task_mutation_overlap": 2, "task_sifting": 1, "task_frequency": 2, "target": "realtime"}
{"iteration": 556, "task_individuals": 2, "task_individuals_merge": 2, "task_mutation_overlap": 1, "task_sifting": 1, "task_frequency": 2, "target": "realtime"}
{"iteration": 557, "task_individuals": 2, "task_individuals_merge": 2, "task_mutation_overlap": 1, "task_sifting": 1, "task_frequency": 2, "target": "realtime"}
{"iteration": 558, "task_individuals": 2, "task_individuals_merge": 2, "task_mutation_overlap": 1, "task_sifting": 1, "task_frequency": 2, "target": "realtime"}
{"iteration": 559, "task_individuals": 2, "task_individuals_merge": 2, "task_mutation_overlap": 1, "task_sifting": 1, "task_frequency": 2, "target": "realtime"}
{"iteration": 560, "task_individuals": 2, "task_individuals_merge": 2, "task_mutation_overlap": 1, "task_sifting": 1, "task_frequency": 2, "target": "realtime"}
{"iteration": 561, "task_individuals": 2, "task_individuals_merge": 2, "task_mutation_overlap": 1, "task_sifting": 1, "task_frequency": 2, "target": "realtime"}
{"iteration": 562, "task_individuals": 2, "task_individuals_merge": 2, "task_mutation_overlap": 1, "task_sifting": 1, "task_frequency": 2, "target": "realtime"}
{"iteration": 563, "task_individuals": 2, "task_individuals_merge": 2, "task_mutation_overlap": 1, "task_sifting": 1, "task_frequency": 2, "target": "realtime"}
{"iteration": 564, "task_individuals": 2, "task_individuals_merge": 2, "task_mutation_overlap": 1, "task_sifting": 1, "task_frequency": 2, "target": "realtime"}
{"iteration": 565, "task_individuals": 2, "task_individuals_merge": 2, "task_mutation_overlap": 1, "task_sifting": 1, "task_frequency": 2, "target": "realtime"}
{"iteration": 566, "task_individuals": 2, "task_individuals_merge": 2, "task_mutation_overlap": 1, "task_sifting": 1, "task_frequency": 2, "target": "realtime"}
{"iteration": 567, "task_individuals": 2, "task_individuals_merge": 2, "task_mutation_overlap": 1, "task_sifting": 1, "task_frequency": 2, "target": "realtime"}
{"iteration": 568, "task_individuals": 2, "task_individuals_merge": 2, "task_mutation_overlap": 1, "task_sifting": 1, "task_frequency": 2, "target": "realtime"}
{"iteration": 569, "task_individuals": 2, "task_individuals_merge": 2, "task_mutation_overlap": 1, "task_sifting": 1, "task_frequency": 2, "target": "realtime"}
{"iteration": 570, "task_individuals": 2, "task_individuals_merge": 2, "task_mutation_overlap": 1, "task_sifting": 1, "task_frequency": 2, "target": "realtime"}
{"iteration": 571, "task_individuals": 2, "task_individuals_merge": 2, "task_mutation_overlap": 1, "task_sifting": 1, "task_frequency": 2, "target": "realtime"}
{"iteration": 572, "task_individuals": 2, "task_individuals_merge": 2, "task_mutation_overlap": 1, "task_sifting": 1, "task_frequency": 2, "target": "realtime"}
{"iteration": 573, "task_individuals": 2, "task_individuals_merge": 2, "task_mutation_overlap": 1, "task_sifting": 1, "task_frequency": 2, "target": "realtime"}
{"iteration": 574, "task_individuals": 2, "task_individuals_merge": 2, "task_mutation_overlap": 1, "task_sifting": 1, "task_frequency": 2, "target": "realtime"}
{"iteration": 575, "task_individuals": 2, "task_individuals_merge": 2, "task_mutation_overlap": 1, "task_sifting": 1, "task_frequency": 2, "target": "realtime"}
{"iteration": 576, "task_individuals": 2, "task_individuals_merge": 2, "task_mutation_overlap": 1, "task_sifting": 1, "task_frequency": 2, "target": "realtime"}
{"iteration": 577, "task_individuals": 2, "task_individuals_merge": 2, "task_mutation_overlap": 1, "task_sifting": 1, "task_frequency": 2, "target": "realtime"}
{"iteration": 578, "task_individuals": 2, "task_individuals_merge": 2, "task_mutation_overlap": 1, "task_sifting": 1, "task_frequency": 2, "target": "realtime"}
{"iteration": 579, "task_individuals": 2, "task_individuals_merge": 2, "task_mutation_overlap": 1, "task_sifting": 1, "task_frequency": 2, "target": "realtime"}
{"iteration": 580, "task_individuals": 2, "task_individuals_merge": 2, "task_mutation_overlap": 1, "task_sifting": 1, "task_frequency": 2, "target": "realtime"}
{"iteration": 581, "task_individuals": 2, "task_individuals_merge": 2, "task_mutation_overlap": 1, "task_sifting": 1, "task_frequency": 2, "target": "realtime"}
{"iteration": 582, "task_individuals": 2, "task_individuals_merge": 2, "task_mutation_overlap": 1, "task_sifting": 1, "task_frequency": 2, "target": "realtime"}
{"iteration": 583, "task_individuals": 2, "task_individuals_merge": 2, "task_mutation_overlap": 1, "task_sifting": 1, "task_frequency": 2, "target": "realtime"}
{"iteration": 584, "task_individuals": 2, "task_individuals_merge": 2, "task_mutation_overlap": 1, "task_sifting": 1, "task_frequency": 2, "target": "realtime"}
{"iteration": 585, "task_individuals": 2, "task_individuals_merge": 2, "task_mutation_overlap": 1, "task_sifting": 1, "task_frequency": 2, "target": "realtime"}
{"iteration": 586, "task_individuals": 2, "task_individuals_merge": 2, "task_mutation_overlap": 1, "task_sifting": 1, "task_frequency": 2, "target": "realtime"}
{"iteration": 587, "task_individuals": 2, "task_individuals_merge": 2, "task_mutation_overlap": 1, "task_sifting": 1, "task_frequency": 2, "target": "realtime"}
{"iteration": 588, "task_individuals": 2, "task_individuals_merge": 2, "task_mutation_overlap": 1, "task_sifting": 1, "task_frequency": 2, "target": "realtime"}
{"iteration": 589, "task_individuals": 2, "task_individuals_merge": 2, "task_mutation_overlap": 1, "task_sifting": 1, "task_frequency": 2, "target": "realtime"}
{"iteration": 590, "task_individuals": 2, "task_individuals_merge": 2, "task_mutation_overlap": 1, "task_sifting": 1, "task_frequency": 2, "target": "realtime"}
{"iteration": 591, "task_individuals": 2, "task_individuals_merge": 2, "task_mutation_overlap": 1, "task_sifting": 1, "task_frequency": 2, "target": "realtime"}
{"iteration": 592, "task_individuals": 2, "task_individuals_merge": 2, "task_mutation_overlap": 1, "task_sifting": 1, "task_frequency": 2, "target": "realtime"}
{"iteration": 593, "task_individuals": 2, "task_individuals_merge": 2, "task_mutation_overlap": 1, "task_sifting": 1, "task_frequency": 2, "target": "realtime"}
{"iteration": 594, "task_individuals": 2, "task_individuals_merge": 2, "task_mutation_overlap": 1, "task_sifting": 1, "task_frequency": 2, "target": "realtime"}
{"iteration": 595, "task_individuals": 2, "task_individuals_merge": 2, "task_mutation_overlap": 1, "task_sifting": 1, "task_frequency": 2, "target": "realtime"}
{"iteration": 596, "task_individuals": 2, "task_individuals_merge": 2, "task_mutation_overlap": 1, "task_sifting": 1, "task_frequency": 2, "target": "realtime"}
{"iteration": 597, "task_individuals": 2, "task_individuals_merge": 2, "task_mutation_overlap": 1, "task_sifting": 1, "task_frequency": 2, "target": "realtime"}
{"iteration": 598, "task_individuals": 2, "task_individuals_merge": 2, "task_mutation_overlap": 1, "task_sifting": 1, "task_frequency": 2, "target": "realtime"}
{"iteration": 599, "task_individuals": 2, "task_individuals_merge": 2, "task_mutation_overlap": 1, "task_sifting": 1, "task_frequency": 2, "target": "realtime"}
{"iteration": 600, "task_individuals": 2, "task_individuals_merge": 2, "task_mutation_overlap": 1, "task_sifting": 1, "task_frequency": 2, "target": "realtime"}
{"iteration": 601, "task_individuals": 2, "task_individuals_merge": 2, "task_mutation_overlap": 1, "task_sifting": 1, "task_frequency": 2, "target": "realtime"}
{"iteration": 602, "task_individuals": 2, "task_individuals_merge": 2, "task_mutation_overlap": 1, "task_sifting": 1, "task_frequency": 2, "target": "realtime"}
{"iteration": 603, "task_individuals": 2, "task_individuals_merge": 2, "task_mutation_overlap": 1, "task_sifting": 1, "task_frequency": 2, "target": "realtime"}
{"iteration": 604, "task_individuals": 2, "task_individuals_merge": 2, "task_mutation_overlap": 1, "task_sifting": 1, "task_frequency": 2, "target": "realtime"}
{"iteration": 605, "task_individuals": 2, "task_individuals_merge": 2, "task_mutation_overlap": 1, "task_sifting": 1, "task_frequency": 2, "target": "realtime"}
{"iteration": 606, "task_individuals": 2, "task_individuals_merge": 2, "task_mutation_overlap": 1, "task_sifting": 1, "task_frequency": 2, "target": "realtime"}
{"iteration": 607, "task_individuals": 2, "task_individuals_merge": 2, "task_mutation_overlap": 1, "task_sifting": 1, "task_frequency": 2, "target": "realtime"}
{"iteration": 608, "task_individuals": 2, "task_individuals_merge": 2, "task_mutation_overlap": 1, "task_sifting": 1, "task_frequency": 2, "target": "realtime"}
{"iteration": 609, "task_individuals": 2, "task_individuals_merge": 2, "task_mutation_overlap": 1, "task_sifting": 1, "task_frequency": 2, "target": "realtime"}
{"iteration": 610, "task_individuals": 2, "task_individuals_merge": 2, "task_mutation_overlap": 1, "task_sifting": 1, "task_frequency": 2, "target": "realtime"}
{"iteration": 611, "task_individuals": 2, "task_individuals_merge": 2, "task_mutation_overlap": 1, "task_sifting": 1, "task_frequency": 2, "target": "realtime"}
{"iteration": 612, "task_individuals": 2, "task_individuals_merge": 2, "task_mutation_overlap": 1, "task_sifting": 1, "task_frequency": 2, "target": "realtime"}
{"iteration": 613, "task_individuals": 2, "task_individuals_merge": 2, "task_mutation_overlap": 1, "task_sifting": 1, "task_frequency": 2, "target": "realtime"}
{"iteration": 614, "task_individuals": 2, "task_individuals_merge": 2, "task_mutation_overlap": 1, "task_sifting": 1, "task_frequency": 2, "target": "realtime"}
{"iteration": 615, "task_individuals": 2, "task_individuals_merge": 2, "task_mutation_overlap": 1, "task_sifting": 1, "task_frequency": 2, "target": "realtime"}
{"iteration": 616, "task_individuals": 2, "task_individuals_merge": 2, "task_mutation_overlap": 1, "task_sifting": 1, "task_frequency": 2, "target": "realtime"}
{"iteration": 617, "task_individuals": 2, "task_individuals_merge": 2, "task_mutation_overlap": 1, "task_sifting": 1, "task_frequency": 2, "target": "realtime"}
{"iteration": 618, "task_individuals": 2, "task_individuals_merge": 2, "task_mutation_overlap": 1, "task_sifting": 1, "task_frequency": 2, "target": "realtime"}
{"iteration": 619, "task_individuals": 2, "task_individuals_merge": 2, "task_mutation_overlap": 1, "task_sifting": 1, "task_frequency": 2, "target": "realtime"}
{"iteration": 620, "task_individuals": 2, "task_individuals_merge": 2, "task_mutation_overlap": 1, "task_sifting": 1, "task_frequency": 2, "target": "realtime"}
{"iteration": 621, "task_individuals": 2, "task_individuals_merge": 2, "task_mutation_overlap": 1, "task_sifting": 1, "task_frequency": 2, "target": "realtime"}
{"iteration": 622, "task_individuals": 2, "task_individuals_merge": 2, "task_mutation_overlap": 1, "task_sifting": 1, "task_frequency": 2, "target": "realtime"}
{"iteration": 623, "task_individuals": 2, "task_individuals_merge": 2, "task_mutation_overlap": 1, "task_sifting": 1, "task_frequency": 2, "target": "realtime"}
{"iteration": 624, "task_individuals": 2, "task_individuals_merge": 2, "task_mutation_overlap": 1, "task_sifting": 1, "task_frequency": 2, "target": "realtime"}
{"iteration": 625, "task_individuals": 2, "task_individuals_merge": 2, "task_mutation_overlap": 1, "task_sifting": 1, "task_frequency": 2, "target": "realtime"}
{"iteration": 626, "task_individuals": 2, "task_individuals_merge": 2, "task_mutation_overlap": 1, "task_sifting": 1, "task_frequency": 2, "target": "realtime"}
{"iteration": 627, "task_individuals": 2, "task_individuals_merge": 2, "task_mutation_overlap": 1, "task_sifting": 1, "task_frequency": 2, "target": "realtime"}
{"iteration": 628, "task_individuals": 2, "task_individuals_merge": 2, "task_mutation_overlap": 1, "task_sifting": 1, "task_frequency": 2, "target": "realtime"}
{"iteration": 629, "task_individuals": 2, "task_individuals_merge": 2, "task_mutation_overlap": 1, "task_sifting": 1, "task_frequency": 2, "target": "realtime"}
{"iteration": 630, "task_individuals": 2, "task_individuals_merge": 2, "task_mutation_overlap": 1, "task_sifting": 1, "task_frequency": 2, "target": "realtime"}
{"iteration": 631, "task_individuals": 2, "task_individuals_merge": 2, "task_mutation_overlap": 1, "task_sifting": 1, "task_frequency": 2, "target": "realtime"}
{"iteration": 632, "task_individuals": 2, "task_individuals_merge": 2, "task_mutation_overlap": 1, "task_sifting": 1, "task_frequency": 2, "target": "realtime"}
{"iteration": 633, "task_individuals": 2, "task_individuals_merge": 2, "task_mutation_overlap": 1, "task_sifting": 1, "task_frequency": 2, "target": "realtime"}
{"iteration": 634, "task_individuals": 2, "task_individuals_merge": 2, "task_mutation_overlap": 1, "task_sifting": 1, "task_frequency": 2, "target": "realtime"}
{"iteration": 635, "task_individuals": 2, "task_individuals_merge": 2, "task_mutation_overlap": 1, "task_sifting": 1, "task_frequency": 2, "target": "realtime"}
{"iteration": 636, "task_individuals": 2, "task_individuals_merge": 2, "task_mutation_overlap": 1, "task_sifting": 1, "task_frequency": 2, "target": "realtime"}
{"iteration": 637, "task_individuals": 2, "task_individuals_merge": 2, "task_mutation_overlap": 1, "task_sifting": 1, "task_frequency": 2, "target": "realtime"}
{"iteration": 638, "task_individuals": 2, "task_individuals_merge": 2, "task_mutation_overlap": 1, "task_sifting": 1, "task_frequency": 2, "target": "realtime"}
{"iteration": 639, "task_individuals": 2, "task_individuals_merge": 2, "task_mutation_overlap": 1, "task_sifting": 1, "task_frequency": 2, "target": "realtime"}
{"iteration": 640, "task_individuals": 2, "task_individuals_merge": 2, "task_mutation_overlap": 1, "task_sifting": 1, "task_frequency": 2, "target": "realtime"}
{"iteration": 641, "task_individuals": 2, "task_individuals_merge": 2, "task_mutation_overlap": 1, "task_sifting": 1, "task_frequency": 2, "target": "realtime"}
{"iteration": 642, "task_individuals": 2, "task_individuals_merge": 2, "task_mutation_overlap": 1, "task_sifting": 1, "task_frequency": 2, "target": "realtime"}
{"iteration": 643, "task_individuals": 2, "task_individuals_merge": 2, "task_mutation_overlap": 1, "task_sifting": 1, "task_frequency": 2, "target": "realtime"}
{"iteration": 644, "task_individuals": 2, "task_individuals_merge": 2, "task_mutation_overlap": 1, "task_sifting": 1, "task_frequency": 2, "target": "realtime"}
{"iteration": 645, "task_individuals": 2, "task_individuals_merge": 2, "task_mutation_overlap": 1, "task_sifting": 1, "task_frequency": 2, "target": "realtime"}
{"iteration": 646, "task_individuals": 2, "task_individuals_merge": 2, "task_mutation_overlap": 1, "task_sifting": 1, "task_frequency": 2, "target": "realtime"}
{"iteration": 647, "task_individuals": 2, "task_individuals_merge": 2, "task_mutation_overlap": 1, "task_sifting": 1, "task_frequency": 2, "target": "realtime"}
{"iteration": 648, "task_individuals": 2, "task_individuals_merge": 2, "task_mutation_overlap": 1, "task_sifting": 1, "task_frequency": 2, "target": "realtime"}
{"iteration": 649, "task_individuals": 2, "task_individuals_merge": 2, "task_mutation_overlap": 1, "task_sifting": 1, "task_frequency": 2, "target": "realtime"}
{"iteration": 650, "task_individuals": 2, "task_individuals_merge": 2, "task_mutation_overlap": 1, "task_sifting": 1, "task_frequency": 2, "target": "realtime"}
{"iteration": 651, "task_individuals": 2, "task_individuals_merge": 2, "task_mutation_overlap": 1, "task_sifting": 1, "task_frequency": 2, "target": "realtime"}
{"iteration": 652, "task_individuals": 2, "task_individuals_merge": 2, "task_mutation_overlap": 1, "task_sifting": 1, "task_frequency": 2, "target": "realtime"}
{"iteration": 653, "task_individuals": 2, "task_individuals_merge": 2, "task_mutation_overlap": 1, "task_sifting": 1, "task_frequency": 2, "target": "realtime"}
{"iteration": 654, "task_individuals": 2, "task_individuals_merge": 2, "task_mutation_overlap": 1, "task_sifting": 1, "task_frequency": 2, "target": "realtime"}
{"iteration": 655, "task_individuals": 2, "task_individuals_merge": 2, "task_mutation_overlap": 1, "task_sifting": 1, "task_frequency": 2, "target": "realtime"}
{"iteration": 656, "task_individuals": 2, "task_individuals_merge": 2, "task_mutation_overlap": 1, "task_sifting": 1, "task_frequency": 2, "target": "realtime"}
{"iteration": 657, "task_individuals": 2, "task_individuals_merge": 2, "task_mutation_overlap": 1, "task_sifting": 1, "task_frequency": 2, "target": "realtime"}
{"iteration": 658, "task_individuals": 2, "task_individuals_merge": 2, "task_mutation_overlap": 1, "task_sifting": 1, "task_frequency": 2, "target": "realtime"}
{"iteration": 659, "task_individuals": 2, "task_individuals_merge": 2, "task_mutation_overlap": 1, "task_sifting": 1, "task_frequency": 2, "target": "realtime"}
{"iteration": 660, "task_individuals": 2, "task_individuals_merge": 2, "task_mutation_overlap": 1, "task_sifting": 1, "task_frequency": 2, "target": "realtime"}
{"iteration": 661, "task_individuals": 2, "task_individuals_merge": 2, "task_mutation_overlap": 1, "task_sifting": 1, "task_frequency": 2, "target": "realtime"}
{"iteration": 662, "task_individuals": 2, "task_individuals_merge": 2, "task_mutation_overlap": 1, "task_sifting": 1, "task_frequency": 2, "target": "realtime"}
{"iteration": 663, "task_individuals": 2, "task_individuals_merge": 2, "task_mutation_overlap": 1, "task_sifting": 1, "task_frequency": 2, "target": "realtime"}
{"iteration": 664, "task_individuals": 2, "task_individuals_merge": 2, "task_mutation_overlap": 1, "task_sifting": 1, "task_frequency": 2, "target": "realtime"}
{"iteration": 665, "task_individuals": 2, "task_individuals_merge": 2, "task_mutation_overlap": 1, "task_sifting": 1, "task_frequency": 2, "target": "realtime"}
{"iteration": 666, "task_individuals": 2, "task_individuals_merge": 2, "task_mutation_overlap": 1, "task_sifting": 1, "task_frequency": 2, "target": "realtime"}
{"iteration": 667, "task_individuals": 2, "task_individuals_merge": 2, "task_mutation_overlap": 1, "task_sifting": 1, "task_frequency": 2, "target": "realtime"}
{"iteration": 668, "task_individuals": 2, "task_individuals_merge": 2, "task_mutation_overlap": 1, "task_sifting": 1, "task_frequency": 2, "target": "realtime"}
{"iteration": 669, "task_individuals": 2, "task_individuals_merge": 2, "task_mutation_overlap": 1, "task_sifting": 1, "task_frequency": 2, "target": "realtime"}
{"iteration": 670, "task_individuals": 2, "task_individuals_merge": 2, "task_mutation_overlap": 1, "task_sifting": 1, "task_frequency": 2, "target": "realtime"}
{"iteration": 671, "task_individuals": 2, "task_individuals_merge": 2, "task_mutation_overlap": 1, "task_sifting": 1, "task_frequency": 2, "target": "realtime"}
{"iteration": 672, "task_individuals": 2, "task_individuals_merge": 2, "task_mutation_overlap": 1, "task_sifting": 1, "task_frequency": 2, "target": "realtime"}
{"iteration": 673, "task_individuals": 2, "task_individuals_merge": 2, "task_mutation_overlap": 1, "task_sifting": 1, "task_frequency": 2, "target": "realtime"}
{"iteration": 674, "task_individuals": 2, "task_individuals_merge": 2, "task_mutation_overlap": 1, "task_sifting": 1, "task_frequency": 2, "target": "realtime"}
{"iteration": 675, "task_individuals": 2, "task_individuals_merge": 2, "task_mutation_overlap": 1, "task_sifting": 1, "task_frequency": 2, "target": "realtime"}
{"iteration": 676, "task_individuals": 2, "task_individuals_merge": 2, "task_mutation_overlap": 1, "task_sifting": 1, "task_frequency": 2, "target": "realtime"}
{"iteration": 677, "task_individuals": 2, "task_individuals_merge": 2, "task_mutation_overlap": 1, "task_sifting": 1, "task_frequency": 2, "target": "realtime"}
{"iteration": 678, "task_individuals": 2, "task_individuals_merge": 2, "task_mutation_overlap": 1, "task_sifting": 1, "task_frequency": 2, "target": "realtime"}
{"iteration": 679, "task_individuals": 2, "task_individuals_merge": 2, "task_mutation_overlap": 1, "task_sifting": 1, "task_frequency": 2, "target": "realtime"}
{"iteration": 680, "task_individuals": 2, "task_individuals_merge": 2, "task_mutation_overlap": 1, "task_sifting": 1, "task_frequency": 2, "target": "realtime"}
{"iteration": 681, "task_individuals": 2, "task_individuals_merge": 2, "task_mutation_overlap": 1, "task_sifting": 1, "task_frequency": 2, "target": "realtime"}
{"iteration": 682, "task_individuals": 2, "task_individuals_merge": 2, "task_mutation_overlap": 1, "task_sifting": 1, "task_frequency": 2, "target": "realtime"}
{"iteration": 683, "task_individuals": 2, "task_individuals_merge": 2, "task_mutation_overlap": 1, "task_sifting": 1, "task_frequency": 2, "target": "realtime"}
{"iteration": 684, "task_individuals": 2, "task_individuals_merge": 2, "task_mutation_overlap": 1, "task_sifting": 1, "task_frequency": 2, "target": "realtime"}
{"iteration": 685, "task_individuals": 2, "task_individuals_merge": 2, "task_mutation_overlap": 1, "task_sifting": 1, "task_frequency": 2, "target": "realtime"}
{"iteration": 686, "task_individuals": 2, "task_individuals_merge": 2, "task_mutation_overlap": 1, "task_sifting": 1, "task_frequency": 2, "target": "realtime"}
{"iteration": 687, "task_individuals": 2, "task_individuals_merge": 2, "task_mutation_overlap": 1, "task_sifting": 1, "task_frequency": 2, "target": "realtime"}
{"iteration": 688, "task_individuals": 2, "task_individuals_merge": 2, "task_mutation_overlap": 1, "task_sifting": 1, "task_frequency": 2, "target": "realtime"}
{"iteration": 689, "task_individuals": 2, "task_individuals_merge": 2, "task_mutation_overlap": 1, "task_sifting": 1, "task_frequency": 2, "target": "realtime"}
{"iteration": 690, "task_individuals": 2, "task_individuals_merge": 2, "task_mutation_overlap": 1, "task_sifting": 1, "task_frequency": 2, "target": "realtime"}
{"iteration": 691, "task_individuals": 2, "task_individuals_merge": 2, "task_mutation_overlap": 1, "task_sifting": 1, "task_frequency": 2, "target": "realtime"}
{"iteration": 692, "task_individuals": 2, "task_individuals_merge": 2, "task_mutation_overlap": 1, "task_sifting": 1, "task_frequency": 2, "target": "realtime"}
{"iteration": 693, "task_individuals": 2, "task_individuals_merge": 2, "task_mutation_overlap": 1, "task_sifting": 1, "task_frequency": 2, "target": "realtime"}
{"iteration": 694, "task_individuals": 2, "task_individuals_merge": 2, "task_mutation_overlap": 1, "task_sifting": 1, "task_frequency": 2, "target": "realtime"}
{"iteration": 695, "task_individuals": 2, "task_individuals_merge": 2, "task_mutation_overlap": 1, "task_sifting": 1, "task_frequency": 2, "target": "realtime"}
{"iteration": 696, "task_individuals": 2, "task_individuals_merge": 2, "task_mutation_overlap": 1, "task_sifting": 1, "task_frequency": 2, "target": "realtime"}
{"iteration": 697, "task_individuals": 2, "task_individuals_merge": 2, "task_mutation_overlap": 1, "task_sifting": 1, "task_frequency": 2, "target": "realtime"}
{"iteration": 698, "task_individuals": 2, "task_individuals_merge": 2, "task_mutation_overlap": 1, "task_sifting": 1, "task_frequency": 2, "target": "realtime"}
