{"iteration": 16, "task_sG1IterDecon": 1, "target": "realtime"}
{"iteration": 17, "task_sG1IterDecon": 1, "target": "realtime"}
{"iteration": 18, "task_sG1IterDecon": 1, "target": "realtime"}
{"iteration": 19, "task_sG1IterDecon": 0, "target": "realtime"}
{"iteration": 20, "task_sG1IterDecon": 0, "target": "realtime"}
{"iteration": 21, "task_sG1IterDecon": 0, "target": "realtime"}
{"iteration": 22, "task_sG1IterDecon": 1, "target": "realtime"}
{"iteration": 23, "task_sG1IterDecon": 2, "target": "realtime"}
{"iteration": 24, "task_sG1IterDecon": 2, "target": "realtime"}
{"iteration": 25, "task_sG1IterDecon": 1, "target": "realtime"}
{"iteration": 26, "task_sG1IterDecon": 2, "target": "realtime"}
{"iteration": 27, "task_sG1IterDecon": 1, "target": "realtime"}
{"iteration": 28, "task_sG1IterDecon": 2, "target": "realtime"}
{"iteration": 29, "task_sG1IterDecon": 2, "target": "realtime"}
{"iteration": 30, "task_sG1IterDecon": 2, "target": "realtime"}
{"iteration": 31, "task_sG1IterDecon": 2, "target": "realtime"}
{"iteration": 32, "task_sG1IterDecon": 2, "target": "realtime"}
{"iteration": 33, "task_sG1IterDecon": 2, "target": "realtime"}
{"iteration": 34, "task_sG1IterDecon": 2, "target": "realtime"}
{"iteration": 35, "task_sG1IterDecon": 2, "target": "realtime"}
{"iteration": 36, "task_sG1IterDecon": 2, "target": "realtime"}
{"iteration": 37, "task_sG1IterDecon": 2, "target": "realtime"}
{"iteration": 38, "task_sG1IterDecon": 2, "target": "realtime"}
{"iteration": 39, "task_sG1IterDecon": 2, "target": "realtime"}
{"iteration": 40, "task_sG1IterDecon": 2, "target": "realtime"}
{"iteration": 41, "task_sG1IterDecon": 2, "target": "realtime"}
{"iteration": 42, "task_sG1IterDecon": 2, "target": "realtime"}
{"iteration": 43, "task_sG1IterDecon": 2, "target": "realtime"}
{"iteration": 44, "task_sG1IterDecon": 2, "target": "realtime"}
{"iteration": 45, "task_sG1IterDecon": 2, "target": "realtime"}
{"iteration": 46, "task_sG1IterDecon": 2, "target": "realtime"}
{"iteration": 47, "task_sG1IterDecon": 2, "target": "realtime"}
{"iteration": 48, "task_sG1IterDecon": 2, "target": "realtime"}
{"iteration": 49, "task_sG1IterDecon": 2, "target": "realtime"}
{"iteration": 50, "task_sG1IterDecon": 2, "target": "realtime"}
{"iteration": 51, "task_sG1IterDecon": 2, "target": "realtime"}
{"iteration": 52, "task_sG1IterDecon": 2, "target": "realtime"}
{"iteration": 53, "task_sG1IterDecon": 2, "target": "realtime"}
{"iteration": 54, "task_sG1IterDecon": 2, "target": "realtime"}
{"iteration": 55, "task_sG1IterDecon": 2, "target": "realtime"}
{"iteration": 56, "task_sG1IterDecon": 2, "target": "realtime"}
{"iteration": 57, "task_sG1IterDecon": 2, "target": "realtime"}
{"iteration": 58, "task_sG1IterDecon": 2, "target": "realtime"}
{"iteration": 59, "task_sG1IterDecon": 2, "target": "realtime"}
{"iteration": 60, "task_sG1IterDecon": 2, "target": "realtime"}
{"iteration": 61, "task_sG1IterDecon": 2, "target": "realtime"}
{"iteration": 62, "task_sG1IterDecon": 2, "target": "realtime"}
{"iteration": 63, "task_sG1IterDecon": 2, "target": "realtime"}
{"iteration": 64, "task_sG1IterDecon": 2, "target": "realtime"}
{"iteration": 65, "task_sG1IterDecon": 2, "target": "realtime"}
{"iteration": 66, "task_sG1IterDecon": 2, "target": "realtime"}
{"iteration": 67, "task_sG1IterDecon": 2, "target": "realtime"}
{"iteration": 68, "task_sG1IterDecon": 2, "target": "realtime"}
{"iteration": 69, "task_sG1IterDecon": 2, "target": "realtime"}
{"iteration": 70, "task_sG1IterDecon": 2, "target": "realtime"}
{"iteration": 71, "task_sG1IterDecon": 2, "target": "realtime"}
{"iteration": 72, "task_sG1IterDecon": 2, "target": "realtime"}
{"iteration": 73, "task_sG1IterDecon": 2, "target": "realtime"}
{"iteration": 74, "task_sG1IterDecon": 2, "target": "realtime"}
{"iteration": 75, "task_sG1IterDecon": 2, "target": "realtime"}
{"iteration": 76, "task_sG1IterDecon": 2, "target": "realtime"}
{"iteration": 77, "task_sG1IterDecon": 2, "target": "realtime"}
{"iteration": 78, "task_sG1IterDecon": 2, "target": "realtime"}
{"iteration": 79, "task_sG1IterDecon": 2, "target": "realtime"}
{"iteration": 80, "task_sG1IterDecon": 2, "target": "realtime"}
{"iteration": 81, "task_sG1IterDecon": 2, "target": "realtime"}
{"iteration": 82, "task_sG1IterDecon": 2, "target": "realtime"}
{"iteration": 83, "task_sG1IterDecon": 2, "target": "realtime"}
{"iteration": 84, "task_sG1IterDecon": 2, "target": "realtime"}
{"iteration": 85, "task_sG1IterDecon": 2, "target": "realtime"}
{"iteration": 86, "task_sG1IterDecon": 2, "target": "realtime"}
{"iteration": 87, "task_sG1IterDecon": 2, "target": "realtime"}
{"iteration": 88, "task_sG1IterDecon": 2, "target": "realtime"}
{"iteration": 89, "task_sG1IterDecon": 2, "target": "realtime"}
{"iteration": 90, "task_sG1IterDecon": 2, "target": "realtime"}
{"iteration": 91, "task_sG1IterDecon": 2, "target": "realtime"}
{"iteration": 92, "task_sG1IterDecon": 2, "target": "realtime"}
{"iteration": 93, "task_sG1IterDecon": 2, "target": "realtime"}
{"iteration": 94, "task_sG1IterDecon": 2, "target": "realtime"}
{"iteration": 95, "task_sG1IterDecon": 2, "target": "realtime"}
{"iteration": 96, "task_sG1IterDecon": 2, "target": "realtime"}
{"iteration": 97, "task_sG1IterDecon": 2, "target": "realtime"}
{"iteration": 98, "task_sG1IterDecon": 2, "target": "realtime"}
{"iteration": 99, "task_sG1IterDecon": 2, "target": "realtime"}
{"iteration": 100, "task_sG1IterDecon": 2, "target": "realtime"}
{"iteration": 101, "task_sG1IterDecon": 2, "target": "realtime"}
{"iteration": 102, "task_sG1IterDecon": 2, "target": "realtime"}
{"iteration": 103, "task_sG1IterDecon": 2, "target": "realtime"}
{"iteration": 104, "task_sG1IterDecon": 2, "target": "realtime"}
{"iteration": 105, "task_sG1IterDecon": 2, "target": "realtime"}
{"iteration": 106, "task_sG1IterDecon": 2, "target": "realtime"}
{"iteration": 107, "task_sG1IterDecon": 2, "target": "realtime"}
{"iteration": 108, "task_sG1IterDecon": 2, "target": "realtime"}
{"iteration": 109, "task_sG1IterDecon": 2, "target": "realtime"}
{"iteration": 110, "task_sG1IterDecon": 2, "target": "realtime"}
{"iteration": 111, "task_sG1IterDecon": 2, "target": "realtime"}
{"iteration": 112, "task_sG1IterDecon": 2, "target": "realtime"}
{"iteration": 113, "task_sG1IterDecon": 2, "target": "realtime"}
{"iteration": 114, "task_sG1IterDecon": 2, "target": "realtime"}
{"iteration": 115, "task_sG1IterDecon": 2, "target": "realtime"}
{"iteration": 116, "task_sG1IterDecon": 2, "target": "realtime"}
{"iteration": 117, "task_sG1IterDecon": 2, "target": "realtime"}
{"iteration": 118, "task_sG1IterDecon": 2, "target": "realtime"}
{"iteration": 119, "task_sG1IterDecon": 2, "target": "realtime"}
{"iteration": 120, "task_sG1IterDecon": 2, "target": "realtime"}
{"iteration": 121, "task_sG1IterDecon": 2, "target": "realtime"}
{"iteration": 122, "task_sG1IterDecon": 2, "target": "realtime"}
{"iteration": 123, "task_sG1IterDecon": 2, "target": "realtime"}
{"iteration": 124, "task_sG1IterDecon": 2, "target": "realtime"}
{"iteration": 125, "task_sG1IterDecon": 2, "target": "realtime"}
{"iteration": 126, "task_sG1IterDecon": 2, "target": "realtime"}
{"iteration": 127, "task_sG1IterDecon": 2, "target": "realtime"}
{"iteration": 128, "task_sG1IterDecon": 2, "target": "realtime"}
{"iteration": 129, "task_sG1IterDecon": 2, "target": "realtime"}
{"iteration": 130, "task_sG1IterDecon": 2, "target": "realtime"}
{"iteration": 131, "task_sG1IterDecon": 2, "target": "realtime"}
{"iteration": 132, "task_sG1IterDecon": 2, "target": "realtime"}
{"iteration": 133, "task_sG1IterDecon": 2, "target": "realtime"}
{"iteration": 134, "task_sG1IterDecon": 2, "target": "realtime"}
{"iteration": 135, "task_sG1IterDecon": 2, "target": "realtime"}
{"iteration": 136, "task_sG1IterDecon": 2, "target": "realtime"}
{"iteration": 137, "task_sG1IterDecon": 2, "target": "realtime"}
{"iteration": 138, "task_sG1IterDecon": 2, "target": "realtime"}
{"iteration": 139, "task_sG1IterDecon": 2, "target": "realtime"}
{"iteration": 140, "task_sG1IterDecon": 2, "target": "realtime"}
{"iteration": 141, "task_sG1IterDecon": 2, "target": "realtime"}
{"iteration": 142, "task_sG1IterDecon": 2, "target": "realtime"}
{"iteration": 143, "task_sG1IterDecon": 2, "target": "realtime"}
{"iteration": 144, "task_sG1IterDecon": 2, "target": "realtime"}
{"iteration": 145, "task_sG1IterDecon": 2, "target": "realtime"}
{"iteration": 146, "task_sG1IterDecon": 2, "target": "realtime"}
{"iteration": 147, "task_sG1IterDecon": 2, "target": "realtime"}
{"iteration": 148, "task_sG1IterDecon": 2, "target": "realtime"}
{"iteration": 149, "task_sG1IterDecon": 2, "target": "realtime"}
{"iteration": 150, "task_sG1IterDecon": 2, "target": "realtime"}
{"iteration": 151, "task_sG1IterDecon": 2, "target": "realtime"}
{"iteration": 152, "task_sG1IterDecon": 2, "target": "realtime"}
{"iteration": 153, "task_sG1IterDecon": 2, "target": "realtime"}
{"iteration": 154, "task_sG1IterDecon": 2, "target": "realtime"}
{"iteration": 155, "task_sG1IterDecon": 2, "target": "realtime"}
{"iteration": 156, "task_sG1IterDecon": 2, "target": "realtime"}
{"iteration": 157, "task_sG1IterDecon": 2, "target": "realtime"}
{"iteration": 158, "task_sG1IterDecon": 2, "target": "realtime"}
{"iteration": 159, "task_sG1IterDecon": 2, "target": "realtime"}
{"iteration": 160, "task_sG1IterDecon": 2, "target": "realtime"}
{"iteration": 161, "task_sG1IterDecon": 2, "target": "realtime"}
{"iteration": 162, "task_sG1IterDecon": 2, "target": "realtime"}
{"iteration": 163, "task_sG1IterDecon": 2, "target": "realtime"}
{"iteration": 164, "task_sG1IterDecon": 2, "target": "realtime"}
{"iteration": 165, "task_sG1IterDecon": 2, "target": "realtime"}
{"iteration": 166, "task_sG1IterDecon": 2, "target": "realtime"}
{"iteration": 167, "task_sG1IterDecon": 2, "target": "realtime"}
{"iteration": 168, "task_sG1IterDecon": 2, "target": "realtime"}
{"iteration": 169, "task_sG1IterDecon": 2, "target": "realtime"}
{"iteration": 170, "task_sG1IterDecon": 2, "target": "realtime"}
{"iteration": 171, "task_sG1IterDecon": 2, "target": "realtime"}
{"iteration": 172, "task_sG1IterDecon": 2, "target": "realtime"}
{"iteration": 173, "task_sG1IterDecon": 2, "target": "realtime"}
{"iteration": 174, "task_sG1IterDecon": 2, "target": "realtime"}
{"iteration": 175, "task_sG1IterDecon": 2, "target": "realtime"}
{"iteration": 176, "task_sG1IterDecon": 2, "target": "realtime"}
{"iteration": 177, "task_sG1IterDecon": 2, "target": "realtime"}
{"iteration": 178, "task_sG1IterDecon": 2, "target": "realtime"}
{"iteration": 179, "task_sG1IterDecon": 2, "target": "realtime"}
{"iteration": 180, "task_sG1IterDecon": 2, "target": "realtime"}
{"iteration": 181, "task_sG1IterDecon": 2, "target": "realtime"}
{"iteration": 182, "task_sG1IterDecon": 2, "target": "realtime"}
{"iteration": 183, "task_sG1IterDecon": 2, "target": "realtime"}
{"iteration": 184, "task_sG1IterDecon": 2, "target": "realtime"}
{"iteration": 185, "task_sG1IterDecon": 2, "target": "realtime"}
{"iteration": 186, "task_sG1IterDecon": 2, "target": "realtime"}
{"iteration": 187, "task_sG1IterDecon": 2, "target": "realtime"}
{"iteration": 188, "task_sG1IterDecon": 2, "target": "realtime"}
{"iteration": 189, "task_sG1IterDecon": 2, "target": "realtime"}
{"iteration": 190, "task_sG1IterDecon": 2, "target": "realtime"}
{"iteration": 191, "task_sG1IterDecon": 2, "target": "realtime"}
{"iteration": 192, "task_sG1IterDecon": 2, "target": "realtime"}
{"iteration": 193, "task_sG1IterDecon": 2, "target": "realtime"}
{"iteration": 194, "task_sG1IterDecon": 2, "target": "realtime"}
{"iteration": 195, "task_sG1IterDecon": 2, "target": "realtime"}
{"iteration": 196, "task_sG1IterDecon": 2, "target": "realtime"}
{"iteration": 197, "task_sG1IterDecon": 2, "target": "realtime"}
{"iteration": 198, "task_sG1IterDecon": 2, "target": "realtime"}
{"iteration": 199, "task_sG1IterDecon": 2, "target": "realtime"}
{"iteration": 200, "task_sG1IterDecon": 2, "target": "realtime"}
{"iteration": 201, "task_sG1IterDecon": 2, "target": "realtime"}
{"iteration": 202, "task_sG1IterDecon": 2, "target": "realtime"}
{"iteration": 203, "task_sG1IterDecon": 2, "target": "realtime"}
{"iteration": 204, "task_sG1IterDecon": 2, "target": "realtime"}
{"iteration": 205, "task_sG1IterDecon": 2, "target": "realtime"}
{"iteration": 206, "task_sG1IterDecon": 2, "target": "realtime"}
{"iteration": 207, "task_sG1IterDecon": 2, "target": "realtime"}
{"iteration": 208, "task_sG1IterDecon": 2, "target": "realtime"}
{"iteration": 209, "task_sG1IterDecon": 2, "target": "realtime"}
{"iteration": 210, "task_sG1IterDecon": 2, "target": "realtime"}
{"iteration": 211, "task_sG1IterDecon": 2, "target": "realtime"}
{"iteration": 212, "task_sG1IterDecon": 2, "target": "realtime"}
{"iteration": 213, "task_sG1IterDecon": 2, "target": "realtime"}
{"iteration": 214, "task_sG1IterDecon": 2, "target": "realtime"}
{"iteration": 215, "task_sG1IterDecon": 2, "target": "realtime"}
{"iteration": 216, "task_sG1IterDecon": 2, "target": "realtime"}
{"iteration": 217, "task_sG1IterDecon": 2, "target": "realtime"}
{"iteration": 218, "task_sG1IterDecon": 2, "target": "realtime"}
{"iteration": 219, "task_sG1IterDecon": 2, "target": "realtime"}
{"iteration": 220, "task_sG1IterDecon": 2, "target": "realtime"}
{"iteration": 221, "task_sG1IterDecon": 2, "target": "realtime"}
{"iteration": 222, "task_sG1IterDecon": 2, "target": "realtime"}
{"iteration": 223, "task_sG1IterDecon": 2, "target": "realtime"}
{"iteration": 224, "task_sG1IterDecon": 2, "target": "realtime"}
{"iteration": 225, "task_sG1IterDecon": 2, "target": "realtime"}
{"iteration": 226, "task_sG1IterDecon": 2, "target": "realtime"}
{"iteration": 227, "task_sG1IterDecon": 2, "target": "realtime"}
{"iteration": 228, "task_sG1IterDecon": 2, "target": "realtime"}
{"iteration": 229, "task_sG1IterDecon": 2, "target": "realtime"}
{"iteration": 230, "task_sG1IterDecon": 2, "target": "realtime"}
{"iteration": 231, "task_sG1IterDecon": 2, "target": "realtime"}
{"iteration": 232, "task_sG1IterDecon": 2, "target": "realtime"}
{"iteration": 233, "task_sG1IterDecon": 2, "target": "realtime"}
{"iteration": 234, "task_sG1IterDecon": 2, "target": "realtime"}
{"iteration": 235, "task_sG1IterDecon": 2, "target": "realtime"}
{"iteration": 236, "task_sG1IterDecon": 2, "target": "realtime"}
{"iteration": 237, "task_sG1IterDecon": 2, "target": "realtime"}
{"iteration": 238, "task_sG1IterDecon": 2, "target": "realtime"}
{"iteration": 239, "task_sG1IterDecon": 2, "target": "realtime"}
{"iteration": 240, "task_sG1IterDecon": 2, "target": "realtime"}
{"iteration": 241, "task_sG1IterDecon": 2, "target": "realtime"}
{"iteration": 242, "task_sG1IterDecon": 2, "target": "realtime"}
{"iteration": 243, "task_sG1IterDecon": 2, "target": "realtime"}
{"iteration": 244, "task_sG1IterDecon": 2, "target": "realtime"}
{"iteration": 245, "task_sG1IterDecon": 2, "target": "realtime"}
{"iteration": 246, "task_sG1IterDecon": 2, "target": "realtime"}
{"iteration": 247, "task_sG1IterDecon": 2, "target": "realtime"}
{"iteration": 248, "task_sG1IterDecon": 2, "target": "realtime"}
{"iteration": 249, "task_sG1IterDecon": 2, "target": "realtime"}
{"iteration": 250, "task_sG1IterDecon": 2, "target": "realtime"}
{"iteration": 251, "task_sG1IterDecon": 2, "target": "realtime"}
{"iteration": 252, "task_sG1IterDecon": 2, "target": "realtime"}
{"iteration": 253, "task_sG1IterDecon": 2, "target": "realtime"}
{"iteration": 254, "task_sG1IterDecon": 2, "target": "realtime"}
{"iteration": 255, "task_sG1IterDecon": 2, "target": "realtime"}
{"iteration": 256, "task_sG1IterDecon": 2, "target": "realtime"}
{"iteration": 257, "task_sG1IterDecon": 2, "target": "realtime"}
{"iteration": 258, "task_sG1IterDecon": 2, "target": "realtime"}
{"iteration": 259, "task_sG1IterDecon": 2, "target": "realtime"}
{"iteration": 260, "task_sG1IterDecon": 2, "target": "realtime"}
{"iteration": 261, "task_sG1IterDecon": 2, "target": "realtime"}
{"iteration": 262, "task_sG1IterDecon": 2, "target": "realtime"}
{"iteration": 263, "task_sG1IterDecon": 2, "target": "realtime"}
{"iteration": 264, "task_sG1IterDecon": 2, "target": "realtime"}
{"iteration": 265, "task_sG1IterDecon": 2, "target": "realtime"}
{"iteration": 266, "task_sG1IterDecon": 2, "target": "realtime"}
{"iteration": 267, "task_sG1IterDecon": 2, "target": "realtime"}
{"iteration": 268, "task_sG1IterDecon": 2, "target": "realtime"}
{"iteration": 269, "task_sG1IterDecon": 2, "target": "realtime"}
{"iteration": 270, "task_sG1IterDecon": 2, "target": "realtime"}
{"iteration": 271, "task_sG1IterDecon": 2, "target": "realtime"}
{"iteration": 272, "task_sG1IterDecon": 2, "target": "realtime"}
{"iteration": 273, "task_sG1IterDecon": 2, "target": "realtime"}
{"iteration": 274, "task_sG1IterDecon": 2, "target": "realtime"}
{"iteration": 275, "task_sG1IterDecon": 2, "target": "realtime"}
{"iteration": 276, "task_sG1IterDecon": 2, "target": "realtime"}
{"iteration": 277, "task_sG1IterDecon": 2, "target": "realtime"}
{"iteration": 278, "task_sG1IterDecon": 2, "target": "realtime"}
{"iteration": 279, "task_sG1IterDecon": 2, "target": "realtime"}
{"iteration": 280, "task_sG1IterDecon": 2, "target": "realtime"}
{"iteration": 281, "task_sG1IterDecon": 2, "target": "realtime"}
{"iteration": 282, "task_sG1IterDecon": 2, "target": "realtime"}
{"iteration": 283, "task_sG1IterDecon": 2, "target": "realtime"}
{"iteration": 284, "task_sG1IterDecon": 2, "target": "realtime"}
{"iteration": 285, "task_sG1IterDecon": 2, "target": "realtime"}
{"iteration": 286, "task_sG1IterDecon": 2, "target": "realtime"}
{"iteration": 287, "task_sG1IterDecon": 2, "target": "realtime"}
{"iteration": 288, "task_sG1IterDecon": 2, "target": "realtime"}
{"iteration": 289, "task_sG1IterDecon": 2, "target": "realtime"}
{"iteration": 290, "task_sG1IterDecon": 2, "target": "realtime"}
{"iteration": 291, "task_sG1IterDecon": 2, "target": "realtime"}
{"iteration": 292, "task_sG1IterDecon": 2, "target": "realtime"}
{"iteration": 293, "task_sG1IterDecon": 2, "target": "realtime"}
{"iteration": 294, "task_sG1IterDecon": 2, "target": "realtime"}
{"iteration": 295, "task_sG1IterDecon": 2, "target": "realtime"}
{"iteration": 296, "task_sG1IterDecon": 2, "target": "realtime"}
{"iteration": 297, "task_sG1IterDecon": 2, "target": "realtime"}
{"iteration": 298, "task_sG1IterDecon": 2, "target": "realtime"}
{"iteration": 299, "task_sG1IterDecon": 2, "target": "realtime"}
{"iteration": 300, "task_sG1IterDecon": 2, "target": "realtime"}
{"iteration": 301, "task_sG1IterDecon": 2, "target": "realtime"}
{"iteration": 302, "task_sG1IterDecon": 2, "target": "realtime"}
{"iteration": 303, "task_sG1IterDecon": 2, "target": "realtime"}
{"iteration": 304, "task_sG1IterDecon": 2, "target": "realtime"}
{"iteration": 305, "task_sG1IterDecon": 2, "target": "realtime"}
{"iteration": 306, "task_sG1IterDecon": 2, "target": "realtime"}
{"iteration": 307, "task_sG1IterDecon": 2, "target": "realtime"}
{"iteration": 308, "task_sG1IterDecon": 2, "target": "realtime"}
{"iteration": 309, "task_sG1IterDecon": 2, "target": "realtime"}
{"iteration": 310, "task_sG1IterDecon": 2, "target": "realtime"}
{"iteration": 311, "task_sG1IterDecon": 2, "target": "realtime"}
{"iteration": 312, "task_sG1IterDecon": 2, "target": "realtime"}
{"iteration": 313, "task_sG1IterDecon": 2, "target": "realtime"}
{"iteration": 314, "task_sG1IterDecon": 2, "target": "realtime"}
{"iteration": 315, "task_sG1IterDecon": 2, "target": "realtime"}
{"iteration": 316, "task_sG1IterDecon": 2, "target": "realtime"}
{"iteration": 317, "task_sG1IterDecon": 2, "target": "realtime"}
{"iteration": 318, "task_sG1IterDecon": 2, "target": "realtime"}
{"iteration": 319, "task_sG1IterDecon": 2, "target": "realtime"}
{"iteration": 320, "task_sG1IterDecon": 2, "target": "realtime"}
{"iteration": 321, "task_sG1IterDecon": 2, "target": "realtime"}
{"iteration": 322, "task_sG1IterDecon": 2, "target": "realtime"}
{"iteration": 323, "task_sG1IterDecon": 2, "target": "realtime"}
{"iteration": 324, "task_sG1IterDecon": 2, "target": "realtime"}
{"iteration": 325, "task_sG1IterDecon": 2, "target": "realtime"}
{"iteration": 326, "task_sG1IterDecon": 2, "target": "realtime"}
{"iteration": 327, "task_sG1IterDecon": 2, "target": "realtime"}
{"iteration": 328, "task_sG1IterDecon": 2, "target": "realtime"}
{"iteration": 329, "task_sG1IterDecon": 2, "target": "realtime"}
{"iteration": 330, "task_sG1IterDecon": 2, "target": "realtime"}
{"iteration": 331, "task_sG1IterDecon": 2, "target": "realtime"}
{"iteration": 332, "task_sG1IterDecon": 2, "target": "realtime"}
{"iteration": 333, "task_sG1IterDecon": 2, "target": "realtime"}
{"iteration": 334, "task_sG1IterDecon": 2, "target": "realtime"}
{"iteration": 335, "task_sG1IterDecon": 2, "target": "realtime"}
{"iteration": 336, "task_sG1IterDecon": 2, "target": "realtime"}
{"iteration": 337, "task_sG1IterDecon": 2, "target": "realtime"}
{"iteration": 338, "task_sG1IterDecon": 2, "target": "realtime"}
{"iteration": 339, "task_sG1IterDecon": 2, "target": "realtime"}
{"iteration": 340, "task_sG1IterDecon": 2, "target": "realtime"}
{"iteration": 341, "task_sG1IterDecon": 2, "target": "realtime"}
{"iteration": 342, "task_sG1IterDecon": 2, "target": "realtime"}
{"iteration": 343, "task_sG1IterDecon": 2, "target": "realtime"}
{"iteration": 344, "task_sG1IterDecon": 2, "target": "realtime"}
{"iteration": 345, "task_sG1IterDecon": 2, "target": "realtime"}
{"iteration": 346, "task_sG1IterDecon": 2, "target": "realtime"}
{"iteration": 347, "task_sG1IterDecon": 2, "target": "realtime"}
{"iteration": 348, "task_sG1IterDecon": 2, "target": "realtime"}
{"iteration": 349, "task_sG1IterDecon": 2, "target": "realtime"}
{"iteration": 350, "task_sG1IterDecon": 2, "target": "realtime"}
{"iteration": 351, "task_sG1IterDecon": 2, "target": "realtime"}
{"iteration": 352, "task_sG1IterDecon": 2, "target": "realtime"}
{"iteration": 353, "task_sG1IterDecon": 2, "target": "realtime"}
{"iteration": 354, "task_sG1IterDecon": 2, "target": "realtime"}
{"iteration": 355, "task_sG1IterDecon": 2, "target": "realtime"}
{"iteration": 356, "task_sG1IterDecon": 2, "target": "realtime"}
{"iteration": 357, "task_sG1IterDecon": 2, "target": "realtime"}
{"iteration": 358, "task_sG1IterDecon": 2, "target": "realtime"}
{"iteration": 359, "task_sG1IterDecon": 2, "target": "realtime"}
{"iteration": 360, "task_sG1IterDecon": 2, "target": "realtime"}
{"iteration": 361, "task_sG1IterDecon": 2, "target": "realtime"}
{"iteration": 362, "task_sG1IterDecon": 2, "target": "realtime"}
{"iteration": 363, "task_sG1IterDecon": 2, "target": "realtime"}
{"iteration": 364, "task_sG1IterDecon": 2, "target": "realtime"}
{"iteration": 365, "task_sG1IterDecon": 2, "target": "realtime"}
{"iteration": 366, "task_sG1IterDecon": 2, "target": "realtime"}
{"iteration": 367, "task_sG1IterDecon": 2, "target": "realtime"}
{"iteration": 368, "task_sG1IterDecon": 2, "target": "realtime"}
{"iteration": 369, "task_sG1IterDecon": 2, "target": "realtime"}
{"iteration": 370, "task_sG1IterDecon": 2, "target": "realtime"}
{"iteration": 371, "task_sG1IterDecon": 2, "target": "realtime"}
{"iteration": 372, "task_sG1IterDecon": 2, "target": "realtime"}
{"iteration": 373, "task_sG1IterDecon": 2, "target": "realtime"}
{"iteration": 374, "task_sG1IterDecon": 2, "target": "realtime"}
{"iteration": 375, "task_sG1IterDecon": 2, "target": "realtime"}
{"iteration": 376, "task_sG1IterDecon": 2, "target": "realtime"}
{"iteration": 377, "task_sG1IterDecon": 2, "target": "realtime"}
{"iteration": 378, "task_sG1IterDecon": 2, "target": "realtime"}
{"iteration": 379, "task_sG1IterDecon": 2, "target": "realtime"}
{"iteration": 380, "task_sG1IterDecon": 2, "target": "realtime"}
{"iteration": 381, "task_sG1IterDecon": 2, "target": "realtime"}
{"iteration": 382, "task_sG1IterDecon": 2, "target": "realtime"}
{"iteration": 383, "task_sG1IterDecon": 2, "target": "realtime"}
{"iteration": 384, "task_sG1IterDecon": 2, "target": "realtime"}
{"iteration": 385, "task_sG1IterDecon": 2, "target": "realtime"}
{"iteration": 386, "task_sG1IterDecon": 2, "target": "realtime"}
{"iteration": 387, "task_sG1IterDecon": 2, "target": "realtime"}
{"iteration": 388, "task_sG1IterDecon": 2, "target": "realtime"}
{"iteration": 389, "task_sG1IterDecon": 2, "target": "realtime"}
{"iteration": 390, "task_sG1IterDecon": 2, "target": "realtime"}
{"iteration": 391, "task_sG1IterDecon": 2, "target": "realtime"}
{"iteration": 392, "task_sG1IterDecon": 2, "target": "realtime"}
{"iteration": 393, "task_sG1IterDecon": 2, "target": "realtime"}
{"iteration": 394, "task_sG1IterDecon": 2, "target": "realtime"}
{"iteration": 395, "task_sG1IterDecon": 2, "target": "realtime"}
{"iteration": 396, "task_sG1IterDecon": 2, "target": "realtime"}
{"iteration": 397, "task_sG1IterDecon": 2, "target": "realtime"}
{"iteration": 398, "task_sG1IterDecon": 2, "target": "realtime"}
{"iteration": 399, "task_sG1IterDecon": 2, "target": "realtime"}
{"iteration": 400, "task_sG1IterDecon": 2, "target": "realtime"}
{"iteration": 401, "task_sG1IterDecon": 2, "target": "realtime"}
{"iteration": 402, "task_sG1IterDecon": 2, "target": "realtime"}
{"iteration": 403, "task_sG1IterDecon": 2, "target": "realtime"}
{"iteration": 404, "task_sG1IterDecon": 2, "target": "realtime"}
{"iteration": 405, "task_sG1IterDecon": 2, "target": "realtime"}
{"iteration": 406, "task_sG1IterDecon": 2, "target": "realtime"}
{"iteration": 407, "task_sG1IterDecon": 2, "target": "realtime"}
{"iteration": 408, "task_sG1IterDecon": 2, "target": "realtime"}
{"iteration": 409, "task_sG1IterDecon": 2, "target": "realtime"}
{"iteration": 410, "task_sG1IterDecon": 2, "target": "realtime"}
{"iteration": 411, "task_sG1IterDecon": 2, "target": "realtime"}
{"iteration": 412, "task_sG1IterDecon": 2, "target": "realtime"}
{"iteration": 413, "task_sG1IterDecon": 2, "target": "realtime"}
{"iteration": 414, "task_sG1IterDecon": 2, "target": "realtime"}
{"iteration": 415, "task_sG1IterDecon": 2, "target": "realtime"}
{"iteration": 416, "task_sG1IterDecon": 2, "target": "realtime"}
{"iteration": 417, "task_sG1IterDecon": 2, "target": "realtime"}
{"iteration": 418, "task_sG1IterDecon": 2, "target": "realtime"}
{"iteration": 419, "task_sG1IterDecon": 2, "target": "realtime"}
{"iteration": 420, "task_sG1IterDecon": 2, "target": "realtime"}
{"iteration": 421, "task_sG1IterDecon": 2, "target": "realtime"}
{"iteration": 422, "task_sG1IterDecon": 2, "target": "realtime"}
{"iteration": 423, "task_sG1IterDecon": 2, "target": "realtime"}
{"iteration": 424, "task_sG1IterDecon": 2, "target": "realtime"}
{"iteration": 425, "task_sG1IterDecon": 2, "target": "realtime"}
{"iteration": 426, "task_sG1IterDecon": 2, "target": "realtime"}
{"iteration": 427, "task_sG1IterDecon": 2, "target": "realtime"}
{"iteration": 428, "task_sG1IterDecon": 2, "target": "realtime"}
{"iteration": 429, "task_sG1IterDecon": 2, "target": "realtime"}
{"iteration": 430, "task_sG1IterDecon": 2, "target": "realtime"}
{"iteration": 431, "task_sG1IterDecon": 2, "target": "realtime"}
{"iteration": 432, "task_sG1IterDecon": 2, "target": "realtime"}
{"iteration": 433, "task_sG1IterDecon": 2, "target": "realtime"}
{"iteration": 434, "task_sG1IterDecon": 2, "target": "realtime"}
{"iteration": 435, "task_sG1IterDecon": 2, "target": "realtime"}
{"iteration": 436, "task_sG1IterDecon": 2, "target": "realtime"}
{"iteration": 437, "task_sG1IterDecon": 2, "target": "realtime"}
{"iteration": 438, "task_sG1IterDecon": 2, "target": "realtime"}
{"iteration": 439, "task_sG1IterDecon": 2, "target": "realtime"}
{"iteration": 440, "task_sG1IterDecon": 2, "target": "realtime"}
{"iteration": 441, "task_sG1IterDecon": 2, "target": "realtime"}
{"iteration": 442, "task_sG1IterDecon": 2, "target": "realtime"}
{"iteration": 443, "task_sG1IterDecon": 2, "target": "realtime"}
{"iteration": 444, "task_sG1IterDecon": 2, "target": "realtime"}
{"iteration": 445, "task_sG1IterDecon": 2, "target": "realtime"}
{"iteration": 446, "task_sG1IterDecon": 2, "target": "realtime"}
{"iteration": 447, "task_sG1IterDecon": 2, "target": "realtime"}
{"iteration": 448, "task_sG1IterDecon": 2, "target": "realtime"}
{"iteration": 449, "task_sG1IterDecon": 2, "target": "realtime"}
{"iteration": 450, "task_sG1IterDecon": 2, "target": "realtime"}
{"iteration": 451, "task_sG1IterDecon": 2, "target": "realtime"}
{"iteration": 452, "task_sG1IterDecon": 2, "target": "realtime"}
{"iteration": 453, "task_sG1IterDecon": 2, "target": "realtime"}
{"iteration": 454, "task_sG1IterDecon": 2, "target": "realtime"}
{"iteration": 455, "task_sG1IterDecon": 2, "target": "realtime"}
{"iteration": 456, "task_sG1IterDecon": 2, "target": "realtime"}
{"iteration": 457, "task_sG1IterDecon": 2, "target": "realtime"}
{"iteration": 458, "task_sG1IterDecon": 2, "target": "realtime"}
{"iteration": 459, "task_sG1IterDecon": 2, "target": "realtime"}
{"iteration": 460, "task_sG1IterDecon": 2, "target": "realtime"}
{"iteration": 461, "task_sG1IterDecon": 2, "target": "realtime"}
{"iteration": 462, "task_sG1IterDecon": 2, "target": "realtime"}
{"iteration": 463, "task_sG1IterDecon": 2, "target": "realtime"}
{"iteration": 464, "task_sG1IterDecon": 2, "target": "realtime"}
{"iteration": 465, "task_sG1IterDecon": 2, "target": "realtime"}
{"iteration": 466, "task_sG1IterDecon": 2, "target": "realtime"}
{"iteration": 467, "task_sG1IterDecon": 2, "target": "realtime"}
{"iteration": 468, "task_sG1IterDecon": 2, "target": "realtime"}
{"iteration": 469, "task_sG1IterDecon": 2, "target": "realtime"}
{"iteration": 470, "task_sG1IterDecon": 2, "target": "realtime"}
{"iteration": 471, "task_sG1IterDecon": 2, "target": "realtime"}
{"iteration": 472, "task_sG1IterDecon": 2, "target": "realtime"}
{"iteration": 473, "task_sG1IterDecon": 2, "target": "realtime"}
{"iteration": 474, "task_sG1IterDecon": 2, "target": "realtime"}
{"iteration": 475, "task_sG1IterDecon": 2, "target": "realtime"}
{"iteration": 476, "task_sG1IterDecon": 2, "target": "realtime"}
{"iteration": 477, "task_sG1IterDecon": 2, "target": "realtime"}
{"iteration": 478, "task_sG1IterDecon": 2, "target": "realtime"}
{"iteration": 479, "task_sG1IterDecon": 2, "target": "realtime"}
{"iteration": 480, "task_sG1IterDecon": 2, "target": "realtime"}
{"iteration": 481, "task_sG1IterDecon": 2, "target": "realtime"}
{"iteration": 482, "task_sG1IterDecon": 2, "target": "realtime"}
{"iteration": 483, "task_sG1IterDecon": 2, "target": "realtime"}
{"iteration": 484, "task_sG1IterDecon": 2, "target": "realtime"}
{"iteration": 485, "task_sG1IterDecon": 2, "target": "realtime"}
{"iteration": 486, "task_sG1IterDecon": 2, "target": "realtime"}
{"iteration": 487, "task_sG1IterDecon": 2, "target": "realtime"}
{"iteration": 488, "task_sG1IterDecon": 2, "target": "realtime"}
{"iteration": 489, "task_sG1IterDecon": 2, "target": "realtime"}
{"iteration": 490, "task_sG1IterDecon": 2, "target": "realtime"}
{"iteration": 491, "task_sG1IterDecon": 2, "target": "realtime"}
{"iteration": 492, "task_sG1IterDecon": 2, "target": "realtime"}
{"iteration": 493, "task_sG1IterDecon": 2, "target": "realtime"}
{"iteration": 494, "task_sG1IterDecon": 2, "target": "realtime"}
{"iteration": 495, "task_sG1IterDecon": 2, "target": "realtime"}
{"iteration": 496, "task_sG1IterDecon": 2, "target": "realtime"}
{"iteration": 497, "task_sG1IterDecon": 2, "target": "realtime"}
{"iteration": 498, "task_sG1IterDecon": 2, "task_wrapper_siftSTFByMisfit": 2, "target": "realtime"}
