{"iteration": 35, "hu-worker-c23": 0.743980654539831, "hu-worker-c40": 1.0926561692465377, "hu-worker-c43": 0.8197606961764657, "hu-worker-c29": 1.500609677575473, "target": "realtime"}
{"iteration": 36, "hu-worker-c23": 0.7449923876324672, "hu-worker-c40": 1.0896830097532717, "hu-worker-c43": 0.8205421235410324, "hu-worker-c29": 1.5012295499348778, "target": "realtime"}
{"iteration": 37, "hu-worker-c23": 0.7455485066459917, "hu-worker-c40": 1.0892659102447404, "hu-worker-c43": 0.8202280434705945, "hu-worker-c29": 1.5012588118199925, "target": "realtime"}
{"iteration": 38, "hu-worker-c23": 0.7462794568590365, "hu-worker-c40": 1.0900480338380227, "hu-worker-c43": 0.8185295199030931, "hu-worker-c29": 1.5018222375376107, "target": "realtime"}
{"iteration": 39, "hu-worker-c23": 0.7477739792722685, "hu-worker-c40": 1.0966158472115797, "hu-worker-c43": 0.8239187719851118, "hu-worker-c29": 1.4800989000929143, "target": "realtime"}
{"iteration": 40, "hu-worker-c23": 0.7587143656631495, "hu-worker-c40": 1.1041709166874096, "hu-worker-c43": 0.8278566742191333, "hu-worker-c29": 1.4418837074116369, "target": "realtime"}
{"iteration": 41, "hu-worker-c23": 0.7596396298240623, "hu-worker-c40": 1.1051852823845554, "hu-worker-c43": 0.8254394314656415, "hu-worker-c29": 1.4430191092278202, "target": "realtime"}
{"iteration": 42, "hu-worker-c23": 0.7601785492789671, "hu-worker-c40": 1.103375251267939, "hu-worker-c43": 0.8258597436372497, "hu-worker-c29": 1.4436265277393414, "target": "realtime"}
{"iteration": 43, "hu-worker-c23": 0.7654546025415392, "hu-worker-c40": 1.1008039902953397, "hu-worker-c43": 0.8239351935576508, "hu-worker-c29": 1.440381425928073, "target": "realtime"}
{"iteration": 44, "hu-worker-c23": 0.7656921408590373, "hu-worker-c40": 1.1010636822671385, "hu-worker-c43": 0.8233177853856551, "hu-worker-c29": 1.4406745203265852, "target": "realtime"}
{"iteration": 45, "hu-worker-c23": 0.7738720433322954, "hu-worker-c40": 1.0971332016443864, "hu-worker-c43": 0.820378777720665, "hu-worker-c29": 1.435678071927395, "target": "realtime"}
{"iteration": 46, "hu-worker-c23": 0.7749988661596251, "hu-worker-c40": 1.0933497246892603, "hu-worker-c43": 0.8212667798687187, "hu-worker-c29": 1.4369960584975277, "target": "realtime"}
{"iteration": 47, "hu-worker-c23": 0.7750997468317404, "hu-worker-c40": 1.0935165340383144, "hu-worker-c43": 0.8209013728113669, "hu-worker-c29": 1.437229322135712, "target": "realtime"}
{"iteration": 48, "hu-worker-c23": 0.8084632275353143, "hu-worker-c40": 1.0772210303066188, "hu-worker-c43": 0.8104795247179336, "hu-worker-c29": 1.4167488142286686, "target": "realtime"}
{"iteration": 49, "hu-worker-c23": 0.8092043037934243, "hu-worker-c40": 1.0781527074437447, "hu-worker-c43": 0.8082932958035092, "hu-worker-c29": 1.4180533219422224, "target": "realtime"}
{"iteration": 50, "hu-worker-c23": 0.8074042121542053, "hu-worker-c40": 1.0789345041485467, "hu-worker-c43": 0.8088997916663239, "hu-worker-c29": 1.419120205814684, "target": "realtime"}
{"iteration": 51, "hu-worker-c23": 0.808145411103239, "hu-worker-c40": 1.0798693363686829, "hu-worker-c43": 0.8067144029897549, "hu-worker-c29": 1.4204287979737231, "target": "realtime"}
{"iteration": 52, "hu-worker-c23": 0.8144069755897018, "hu-worker-c40": 1.0771595119793265, "hu-worker-c43": 0.8046201892564961, "hu-worker-c29": 1.416731560325321, "target": "realtime"}
{"iteration": 53, "hu-worker-c23": 0.8146300321139647, "hu-worker-c40": 1.0756841132590627, "hu-worker-c43": 0.8052704103409657, "hu-worker-c29": 1.4171410797560837, "target": "realtime"}
{"iteration": 54, "hu-worker-c23": 0.814179860591189, "hu-worker-c40": 1.0774722876525284, "hu-worker-c43": 0.8048255573336985, "hu-worker-c29": 1.416353879418647, "target": "realtime"}
{"iteration": 55, "hu-worker-c23": 0.8120384940389466, "hu-worker-c40": 1.0860320035223672, "hu-worker-c43": 0.802709453872579, "hu-worker-c29": 1.4126103424892562, "target": "realtime"}
{"iteration": 56, "hu-worker-c23": 0.8113618237363023, "hu-worker-c40": 1.085381854643811, "hu-worker-c43": 0.8025773302600786, "hu-worker-c29": 1.4148681991378622, "target": "realtime"}
{"iteration": 57, "hu-worker-c23": 0.8120455433855822, "hu-worker-c40": 1.0863024596792281, "hu-worker-c43": 0.8032529243945071, "hu-worker-c29": 1.41129087823973, "target": "realtime"}
{"iteration": 58, "hu-worker-c23": 0.8115353998039045, "hu-worker-c40": 1.0856152381422057, "hu-worker-c43": 0.8027488835251481, "hu-worker-c29": 1.4139592400625218, "target": "realtime"}
{"iteration": 59, "hu-worker-c23": 0.812408376852864, "hu-worker-c40": 1.0867830450950366, "hu-worker-c43": 0.8001008721032916, "hu-worker-c29": 1.4155917046685609, "target": "realtime"}
{"iteration": 60, "hu-worker-c23": 0.8112345756132935, "hu-worker-c40": 1.0872995191134522, "hu-worker-c43": 0.8004810466641501, "hu-worker-c29": 1.4162936181236794, "target": "realtime"}
{"iteration": 61, "hu-worker-c23": 0.810903754466844, "hu-worker-c40": 1.0868561190169055, "hu-worker-c43": 0.8014842136057304, "hu-worker-c29": 1.4156753212304916, "target": "realtime"}
{"iteration": 62, "hu-worker-c23": 0.8111108592665582, "hu-worker-c40": 1.0867649291094592, "hu-worker-c43": 0.8014169775926231, "hu-worker-c29": 1.4155513581161172, "target": "realtime"}
{"iteration": 63, "hu-worker-c23": 0.8110106472977375, "hu-worker-c40": 1.086630660413144, "hu-worker-c43": 0.8017210487073272, "hu-worker-c29": 1.4153641898463043, "target": "realtime"}
{"iteration": 64, "hu-worker-c23": 0.8113154715396255, "hu-worker-c40": 1.0864964639347314, "hu-worker-c43": 0.8016220530853457, "hu-worker-c29": 1.415181910142501, "target": "realtime"}
{"iteration": 65, "hu-worker-c23": 0.8125533615766577, "hu-worker-c40": 1.0814012219900764, "hu-worker-c43": 0.8028447931671259, "hu-worker-c29": 1.417521509308162, "target": "realtime"}
{"iteration": 66, "hu-worker-c23": 0.8138941436419219, "hu-worker-c40": 1.075916978228181, "hu-worker-c43": 0.8041691626393721, "hu-worker-c29": 1.4200574034508235, "target": "realtime"}
{"iteration": 67, "hu-worker-c23": 0.8142799307854627, "hu-worker-c40": 1.074347708107047, "hu-worker-c43": 0.8045502322906706, "hu-worker-c29": 1.4207846051871904, "target": "realtime"}
{"iteration": 68, "hu-worker-c23": 0.8132149157479988, "hu-worker-c40": 1.0748106311948153, "hu-worker-c43": 0.8048968556762974, "hu-worker-c29": 1.421420190103632, "target": "realtime"}
{"iteration": 69, "hu-worker-c23": 0.8125810865076796, "hu-worker-c40": 1.0739729115593026, "hu-worker-c43": 0.8068203580231141, "hu-worker-c29": 1.4202444964562764, "target": "realtime"}
{"iteration": 70, "hu-worker-c23": 0.8128678272249572, "hu-worker-c40": 1.0743518911367433, "hu-worker-c43": 0.8059508039441987, "hu-worker-c29": 1.4207739304932776, "target": "realtime"}
{"iteration": 71, "hu-worker-c23": 0.8110273687368702, "hu-worker-c40": 1.0751538835758931, "hu-worker-c43": 0.8065523565482675, "hu-worker-c29": 1.421874604476401, "target": "realtime"}
{"iteration": 72, "hu-worker-c23": 0.8109378653018103, "hu-worker-c40": 1.0750352316907177, "hu-worker-c43": 0.8068244832624801, "hu-worker-c29": 1.421708809702389, "target": "realtime"}
{"iteration": 73, "hu-worker-c23": 0.8085493368865592, "hu-worker-c40": 1.076079731368039, "hu-worker-c43": 0.8076082852221257, "hu-worker-c29": 1.4231420719100987, "target": "realtime"}
{"iteration": 74, "hu-worker-c23": 0.8086783543387669, "hu-worker-c40": 1.0762520041078654, "hu-worker-c43": 0.8077370829405323, "hu-worker-c29": 1.422460405477396, "target": "realtime"}
{"iteration": 75, "hu-worker-c23": 0.8086970830152157, "hu-worker-c40": 1.0762769254083715, "hu-worker-c43": 0.8077557903429695, "hu-worker-c29": 1.422361583892178, "target": "realtime"}
{"iteration": 76, "hu-worker-c23": 0.8088651087783055, "hu-worker-c40": 1.0765024569014074, "hu-worker-c43": 0.8079233859398048, "hu-worker-c29": 1.4214732563674646, "target": "realtime"}
{"iteration": 77, "hu-worker-c23": 0.8090817610571516, "hu-worker-c40": 1.0756189863313717, "hu-worker-c43": 0.8081397357694207, "hu-worker-c29": 1.421879091482783, "target": "realtime"}
{"iteration": 78, "hu-worker-c23": 0.8096297636761626, "hu-worker-c40": 1.0763475181328637, "hu-worker-c43": 0.8064707241105107, "hu-worker-c29": 1.422893561796411, "target": "realtime"}
{"iteration": 79, "hu-worker-c23": 0.8107710814586098, "hu-worker-c40": 1.075848316290279, "hu-worker-c43": 0.8060967381727941, "hu-worker-c29": 1.4222093902039075, "target": "realtime"}
{"iteration": 80, "hu-worker-c23": 0.8101105395701109, "hu-worker-c40": 1.0785398395950963, "hu-worker-c43": 0.8054401568046816, "hu-worker-c29": 1.4209743785717557, "target": "realtime"}
{"iteration": 81, "hu-worker-c23": 0.8101157263795081, "hu-worker-c40": 1.0785467450470505, "hu-worker-c43": 0.8054245382556485, "hu-worker-c29": 1.4209837376550365, "target": "realtime"}
{"iteration": 82, "hu-worker-c23": 0.8107802650418452, "hu-worker-c40": 1.0782552902716784, "hu-worker-c43": 0.8052069155292155, "hu-worker-c29": 1.4205866762682764, "target": "realtime"}
{"iteration": 83, "hu-worker-c23": 0.8105662794174114, "hu-worker-c40": 1.077970711251123, "hu-worker-c43": 0.8058546788750212, "hu-worker-c29": 1.420194330180625, "target": "realtime"}
{"iteration": 84, "hu-worker-c23": 0.8119007865140079, "hu-worker-c40": 1.07738613534207, "hu-worker-c43": 0.8054177207262828, "hu-worker-c29": 1.419398934219402, "target": "realtime"}
{"iteration": 85, "hu-worker-c23": 0.8119683043157903, "hu-worker-c40": 1.0771121060582365, "hu-worker-c43": 0.8054846854261501, "hu-worker-c29": 1.4195239641909558, "target": "realtime"}
{"iteration": 86, "hu-worker-c23": 0.8125059117031878, "hu-worker-c40": 1.0778252657058824, "hu-worker-c43": 0.803836858002838, "hu-worker-c29": 1.4205521925551992, "target": "realtime"}
{"iteration": 87, "hu-worker-c23": 0.8138072215358454, "hu-worker-c40": 1.0772560820856965, "hu-worker-c43": 0.8034124086884867, "hu-worker-c29": 1.4197797275413317, "target": "realtime"}
{"iteration": 88, "hu-worker-c23": 0.814036774528895, "hu-worker-c40": 1.077559946797087, "hu-worker-c43": 0.8027251887973463, "hu-worker-c29": 1.4201939036649258, "target": "realtime"}
{"iteration": 89, "hu-worker-c23": 0.8148809427319438, "hu-worker-c40": 1.0771911687104778, "hu-worker-c43": 0.8024504962402564, "hu-worker-c29": 1.4196941885046632, "target": "realtime"}
{"iteration": 90, "hu-worker-c23": 0.815514728251598, "hu-worker-c40": 1.074639106448945, "hu-worker-c43": 0.8030745014334387, "hu-worker-c29": 1.4208548490798836, "target": "realtime"}
{"iteration": 91, "hu-worker-c23": 0.8154838501570549, "hu-worker-c40": 1.074598417055529, "hu-worker-c43": 0.8031667785740761, "hu-worker-c29": 1.420799195046538, "target": "realtime"}
{"iteration": 92, "hu-worker-c23": 0.8164311531145391, "hu-worker-c40": 1.0741863466792312, "hu-worker-c43": 0.8028588224215112, "hu-worker-c29": 1.4202396068900318, "target": "realtime"}
{"iteration": 93, "hu-worker-c23": 0.8168782205269856, "hu-worker-c40": 1.0747767993842936, "hu-worker-c43": 0.8032981835572036, "hu-worker-c29": 1.4179065703399334, "target": "realtime"}
{"iteration": 94, "hu-worker-c23": 0.8164052049990017, "hu-worker-c40": 1.0741539183796498, "hu-worker-c43": 0.802833096251012, "hu-worker-c29": 1.4203731380697338, "target": "realtime"}
{"iteration": 95, "hu-worker-c23": 0.8164784459403306, "hu-worker-c40": 1.0738575642690218, "hu-worker-c43": 0.8029051003007226, "hu-worker-c29": 1.4205102711275706, "target": "realtime"}
{"iteration": 96, "hu-worker-c23": 0.8168973270045069, "hu-worker-c40": 1.0721853462511461, "hu-worker-c43": 0.8033169618427347, "hu-worker-c29": 1.421267157680981, "target": "realtime"}
{"iteration": 97, "hu-worker-c23": 0.8170669701993047, "hu-worker-c40": 1.0724097344874683, "hu-worker-c43": 0.803483572692679, "hu-worker-c29": 1.420380155160309, "target": "realtime"}
{"iteration": 98, "hu-worker-c23": 0.8173405440312652, "hu-worker-c40": 1.0727688031918037, "hu-worker-c43": 0.8026692000454514, "hu-worker-c29": 1.4208696030213743, "target": "realtime"}
{"iteration": 99, "hu-worker-c23": 0.8168214461137252, "hu-worker-c40": 1.0729940252086867, "hu-worker-c43": 0.8028377001591466, "hu-worker-c29": 1.4211758086098603, "target": "realtime"}
{"iteration": 100, "hu-worker-c23": 0.8163997501139513, "hu-worker-c40": 1.072440076487124, "hu-worker-c43": 0.8040940907774442, "hu-worker-c29": 1.4204214806486786, "target": "realtime"}
{"iteration": 101, "hu-worker-c23": 0.8158161487019298, "hu-worker-c40": 1.072693533474125, "hu-worker-c43": 0.8042841099353238, "hu-worker-c29": 1.420765985654233, "target": "realtime"}
{"iteration": 102, "hu-worker-c23": 0.8159260935007515, "hu-worker-c40": 1.0728380967516613, "hu-worker-c43": 0.8039566973109263, "hu-worker-c29": 1.4209615726248097, "target": "realtime"}
{"iteration": 103, "hu-worker-c23": 0.8157375114544886, "hu-worker-c40": 1.072920151712035, "hu-worker-c43": 0.804018182213776, "hu-worker-c29": 1.4210726919807615, "target": "realtime"}
{"iteration": 104, "hu-worker-c23": 0.815756398968796, "hu-worker-c40": 1.072845207038665, "hu-worker-c43": 0.8040367972647379, "hu-worker-c29": 1.4211061553090076, "target": "realtime"}
{"iteration": 105, "hu-worker-c23": 0.8155748672410119, "hu-worker-c40": 1.0735683045790234, "hu-worker-c43": 0.8038578908497657, "hu-worker-c29": 1.4207812120578496, "target": "realtime"}
{"iteration": 106, "hu-worker-c23": 0.8153957257193167, "hu-worker-c40": 1.0742824733883893, "hu-worker-c43": 0.8036813399553047, "hu-worker-c29": 1.420460607012982, "target": "realtime"}
{"iteration": 107, "hu-worker-c23": 0.8153854484993389, "hu-worker-c40": 1.0742689331709023, "hu-worker-c43": 0.8037119609965246, "hu-worker-c29": 1.4204422943274522, "target": "realtime"}
{"iteration": 108, "hu-worker-c23": 0.8157289227648498, "hu-worker-c40": 1.0747210912881937, "hu-worker-c43": 0.8040505630434479, "hu-worker-c29": 1.4186491644048218, "target": "realtime"}
{"iteration": 109, "hu-worker-c23": 0.8151363593583643, "hu-worker-c40": 1.074979829995825, "hu-worker-c43": 0.8042441248741479, "hu-worker-c29": 1.4189971461696156, "target": "realtime"}
{"iteration": 110, "hu-worker-c23": 0.815328018412311, "hu-worker-c40": 1.0752325847589725, "hu-worker-c43": 0.8036745997491063, "hu-worker-c29": 1.4193351992539314, "target": "realtime"}
{"iteration": 111, "hu-worker-c23": 0.8149902276071677, "hu-worker-c40": 1.0753802485466684, "hu-worker-c43": 0.8037849629776522, "hu-worker-c29": 1.4195335651757746, "target": "realtime"}
{"iteration": 112, "hu-worker-c23": 0.8150454111716976, "hu-worker-c40": 1.0754530632999624, "hu-worker-c43": 0.8036213344189136, "hu-worker-c29": 1.4196303472379415, "target": "realtime"}
{"iteration": 113, "hu-worker-c23": 0.8152810524636613, "hu-worker-c40": 1.0757654650241957, "hu-worker-c43": 0.8038534927156099, "hu-worker-c29": 1.4183981284048361, "target": "realtime"}
{"iteration": 114, "hu-worker-c23": 0.8150537016614788, "hu-worker-c40": 1.075864995473102, "hu-worker-c43": 0.803927861813069, "hu-worker-c29": 1.418531283945754, "target": "realtime"}
{"iteration": 115, "hu-worker-c23": 0.8146973141601832, "hu-worker-c40": 1.075395071577722, "hu-worker-c43": 0.8035762773918642, "hu-worker-c29": 1.4203931404685093, "target": "realtime"}
{"iteration": 116, "hu-worker-c23": 0.8155821133731491, "hu-worker-c40": 1.0718816112570795, "hu-worker-c43": 0.8044489528615872, "hu-worker-c29": 1.4219587441921029, "target": "realtime"}
{"iteration": 117, "hu-worker-c23": 0.815391312058001, "hu-worker-c40": 1.0716308499761178, "hu-worker-c43": 0.8050145215905463, "hu-worker-c29": 1.4216248229480348, "target": "realtime"}
{"iteration": 118, "hu-worker-c23": 0.8159735578323783, "hu-worker-c40": 1.0713768736626517, "hu-worker-c43": 0.8048237411780227, "hu-worker-c29": 1.421284003243232, "target": "realtime"}
{"iteration": 119, "hu-worker-c23": 0.8159748882424155, "hu-worker-c40": 1.0713720233216484, "hu-worker-c43": 0.8048250544439254, "hu-worker-c29": 1.4212858011906675, "target": "realtime"}
{"iteration": 120, "hu-worker-c23": 0.8159925922308259, "hu-worker-c40": 1.0713952685943176, "hu-worker-c43": 0.8047727825615313, "hu-worker-c29": 1.421316440527513, "target": "realtime"}
{"iteration": 121, "hu-worker-c23": 0.815780256134125, "hu-worker-c40": 1.071487923919135, "hu-worker-c43": 0.8048423777421456, "hu-worker-c29": 1.4214405275330835, "target": "realtime"}
{"iteration": 122, "hu-worker-c23": 0.8158345744246346, "hu-worker-c40": 1.071559268369538, "hu-worker-c43": 0.8046818438805678, "hu-worker-c29": 1.421534794056894, "target": "realtime"}
{"iteration": 123, "hu-worker-c23": 0.8157258557700084, "hu-worker-c40": 1.0716067751516243, "hu-worker-c43": 0.8047175180724989, "hu-worker-c29": 1.421598201556588, "target": "realtime"}
{"iteration": 124, "hu-worker-c23": 0.8154552380931069, "hu-worker-c40": 1.0726780231653785, "hu-worker-c43": 0.8044505630707631, "hu-worker-c29": 1.4211212394252826, "target": "realtime"}
{"iteration": 125, "hu-worker-c23": 0.8169127486670217, "hu-worker-c40": 1.0745919488872067, "hu-worker-c43": 0.8058888135902074, "hu-worker-c29": 1.4135319083583675, "target": "realtime"}
{"iteration": 126, "hu-worker-c23": 0.8178090170123699, "hu-worker-c40": 1.0757685791057587, "hu-worker-c43": 0.8067732753958303, "hu-worker-c29": 1.4088921402197834, "target": "realtime"}
{"iteration": 127, "hu-worker-c23": 0.8179747175989746, "hu-worker-c40": 1.0759865462580245, "hu-worker-c43": 0.8062853416670309, "hu-worker-c29": 1.4091736509911248, "target": "realtime"}
{"iteration": 128, "hu-worker-c23": 0.8177166986637319, "hu-worker-c40": 1.0770022407342943, "hu-worker-c43": 0.8060310016219933, "hu-worker-c29": 1.4087332995170843, "target": "realtime"}
{"iteration": 129, "hu-worker-c23": 0.8173790650390622, "hu-worker-c40": 1.0771503466431882, "hu-worker-c43": 0.8061418430980617, "hu-worker-c29": 1.4089276762237388, "target": "realtime"}
{"iteration": 130, "hu-worker-c23": 0.8175080551200288, "hu-worker-c40": 1.0773203310863104, "hu-worker-c43": 0.8057621730812206, "hu-worker-c29": 1.4091467657307324, "target": "realtime"}
{"iteration": 131, "hu-worker-c23": 0.8173139282390192, "hu-worker-c40": 1.0774055465918084, "hu-worker-c43": 0.8058259078904723, "hu-worker-c29": 1.4092585125387864, "target": "realtime"}
{"iteration": 132, "hu-worker-c23": 0.816997182101296, "hu-worker-c40": 1.0769889369084749, "hu-worker-c43": 0.805513499577117, "hu-worker-c29": 1.4108972146618362, "target": "realtime"}
{"iteration": 133, "hu-worker-c23": 0.8170898031017059, "hu-worker-c40": 1.0771110325609679, "hu-worker-c43": 0.8052410235785172, "hu-worker-c29": 1.4110546776194814, "target": "realtime"}
{"iteration": 134, "hu-worker-c23": 0.8170619709605729, "hu-worker-c40": 1.0771232692893296, "hu-worker-c43": 0.8052501717292558, "hu-worker-c29": 1.4110706815803782, "target": "realtime"}
{"iteration": 135, "hu-worker-c23": 0.8173823562444988, "hu-worker-c40": 1.0758615480099445, "hu-worker-c43": 0.8055659369330319, "hu-worker-c29": 1.4116182396837875, "target": "realtime"}
{"iteration": 136, "hu-worker-c23": 0.8175282603483712, "hu-worker-c40": 1.075288682781704, "hu-worker-c43": 0.8057097398807384, "hu-worker-c29": 1.4118661860260946, "target": "realtime"}
{"iteration": 137, "hu-worker-c23": 0.8176890657618074, "hu-worker-c40": 1.0755001889463702, "hu-worker-c43": 0.8052377190033303, "hu-worker-c29": 1.41213822379547, "target": "realtime"}
{"iteration": 138, "hu-worker-c23": 0.817924188575932, "hu-worker-c40": 1.0753970604711365, "hu-worker-c43": 0.8051605051766436, "hu-worker-c29": 1.412003065130672, "target": "realtime"}
{"iteration": 139, "hu-worker-c23": 0.8178696657820419, "hu-worker-c40": 1.075325374532213, "hu-worker-c43": 0.8053201373485782, "hu-worker-c29": 1.4119114047128587, "target": "realtime"}
{"iteration": 140, "hu-worker-c23": 0.8171835325268966, "hu-worker-c40": 1.0756267618273407, "hu-worker-c43": 0.8055458529342304, "hu-worker-c29": 1.4123051033242993, "target": "realtime"}
{"iteration": 141, "hu-worker-c23": 0.8172431048990315, "hu-worker-c40": 1.075705174632137, "hu-worker-c43": 0.8053716092312473, "hu-worker-c29": 1.4124047231844932, "target": "realtime"}
{"iteration": 142, "hu-worker-c23": 0.8178055896197002, "hu-worker-c40": 1.073501330776372, "hu-worker-c43": 0.8059259608869587, "hu-worker-c29": 1.4133580360599705, "target": "realtime"}
{"iteration": 143, "hu-worker-c23": 0.8186392275659647, "hu-worker-c40": 1.073135630308952, "hu-worker-c43": 0.8056514034346991, "hu-worker-c29": 1.4128812642052346, "target": "realtime"}
{"iteration": 144, "hu-worker-c23": 0.8185254879362249, "hu-worker-c40": 1.0729869018162312, "hu-worker-c43": 0.8055394228094229, "hu-worker-c29": 1.4134699262887573, "target": "realtime"}
{"iteration": 145, "hu-worker-c23": 0.8192107993443484, "hu-worker-c40": 1.073882853699677, "hu-worker-c43": 0.8062141574628925, "hu-worker-c29": 1.4099282186575255, "target": "realtime"}
{"iteration": 146, "hu-worker-c23": 0.8191050783040479, "hu-worker-c40": 1.074293030445701, "hu-worker-c43": 0.8061100985832366, "hu-worker-c29": 1.409753759587515, "target": "realtime"}
{"iteration": 147, "hu-worker-c23": 0.819503466051569, "hu-worker-c40": 1.074813912610522, "hu-worker-c43": 0.8065023650805133, "hu-worker-c29": 1.4077005508818894, "target": "realtime"}
{"iteration": 148, "hu-worker-c23": 0.8195057660350393, "hu-worker-c40": 1.0748052746199668, "hu-worker-c43": 0.8065046296664341, "hu-worker-c29": 1.4077039607650408, "target": "realtime"}
{"iteration": 149, "hu-worker-c23": 0.8194408474705845, "hu-worker-c40": 1.0747201320349153, "hu-worker-c43": 0.806693313966352, "hu-worker-c29": 1.4075977027888882, "target": "realtime"}
{"iteration": 150, "hu-worker-c23": 0.8198101162570366, "hu-worker-c40": 1.0745577296056013, "hu-worker-c43": 0.8065714052374734, "hu-worker-c29": 1.4073890027288947, "target": "realtime"}
{"iteration": 151, "hu-worker-c23": 0.8196810782312697, "hu-worker-c40": 1.074388594271314, "hu-worker-c43": 0.8069460736052415, "hu-worker-c29": 1.4071784909587082, "target": "realtime"}
{"iteration": 152, "hu-worker-c23": 0.8202543221876556, "hu-worker-c40": 1.0741366193446613, "hu-worker-c43": 0.8067568084172213, "hu-worker-c29": 1.406854909690425, "target": "realtime"}
{"iteration": 153, "hu-worker-c23": 0.8202170777203959, "hu-worker-c40": 1.0740878470792894, "hu-worker-c43": 0.8068647813102864, "hu-worker-c29": 1.4067943983564373, "target": "realtime"}
{"iteration": 154, "hu-worker-c23": 0.8198797812962129, "hu-worker-c40": 1.0742362864159798, "hu-worker-c43": 0.8069762997527123, "hu-worker-c29": 1.4069842151409329, "target": "realtime"}
{"iteration": 155, "hu-worker-c23": 0.8199912233305495, "hu-worker-c40": 1.0738067591364782, "hu-worker-c43": 0.8070860101843942, "hu-worker-c29": 1.4071644127148917, "target": "realtime"}
{"iteration": 156, "hu-worker-c23": 0.8203525727210992, "hu-worker-c40": 1.0742799588390228, "hu-worker-c43": 0.8060432640713465, "hu-worker-c29": 1.4077438174954449, "target": "realtime"}
{"iteration": 157, "hu-worker-c23": 0.821179524991752, "hu-worker-c40": 1.0753587607515787, "hu-worker-c43": 0.8068562979582363, "hu-worker-c29": 1.403499676550451, "target": "realtime"}
{"iteration": 158, "hu-worker-c23": 0.8209947308953152, "hu-worker-c40": 1.0760703793770638, "hu-worker-c43": 0.8066746881951725, "hu-worker-c29": 1.4032030609256048, "target": "realtime"}
{"iteration": 159, "hu-worker-c23": 0.8216185771526495, "hu-worker-c40": 1.0736733534967688, "hu-worker-c43": 0.8072877919435907, "hu-worker-c29": 1.4042007149637998, "target": "realtime"}
{"iteration": 160, "hu-worker-c23": 0.8213686480242257, "hu-worker-c40": 1.0737833762178188, "hu-worker-c43": 0.8073705264560502, "hu-worker-c29": 1.4043401453257858, "target": "realtime"}
{"iteration": 161, "hu-worker-c23": 0.8213801298672604, "hu-worker-c40": 1.0737983865528682, "hu-worker-c43": 0.8073374787300043, "hu-worker-c29": 1.4043583677884817, "target": "realtime"}
{"iteration": 162, "hu-worker-c23": 0.8211090507549499, "hu-worker-c40": 1.073917959527603, "hu-worker-c43": 0.8074273913873051, "hu-worker-c29": 1.40450916350649, "target": "realtime"}
{"iteration": 163, "hu-worker-c23": 0.8209987578128267, "hu-worker-c40": 1.073773708728178, "hu-worker-c43": 0.8077445674348915, "hu-worker-c29": 1.4043348973316556, "target": "realtime"}
{"iteration": 164, "hu-worker-c23": 0.8211242670230339, "hu-worker-c40": 1.0739372031987098, "hu-worker-c43": 0.8078681313713677, "hu-worker-c29": 1.4036917547361076, "target": "realtime"}
{"iteration": 165, "hu-worker-c23": 0.8211090059465171, "hu-worker-c40": 1.073943952149601, "hu-worker-c43": 0.8078732090363392, "hu-worker-c29": 1.4037001996908742, "target": "realtime"}
{"iteration": 166, "hu-worker-c23": 0.8215244199380509, "hu-worker-c40": 1.0744851016403736, "hu-worker-c43": 0.8082821950069787, "hu-worker-c29": 1.401574257447222, "target": "realtime"}
{"iteration": 167, "hu-worker-c23": 0.8213384083504568, "hu-worker-c40": 1.0742418139325383, "hu-worker-c43": 0.8088171689959791, "hu-worker-c29": 1.401281709236507, "target": "realtime"}
{"iteration": 168, "hu-worker-c23": 0.8207193049522304, "hu-worker-c40": 1.0766090847617353, "hu-worker-c43": 0.8082073298233198, "hu-worker-c29": 1.4003110823940612, "target": "realtime"}
{"iteration": 169, "hu-worker-c23": 0.820793635237925, "hu-worker-c40": 1.0767065903418207, "hu-worker-c43": 0.8079942061127806, "hu-worker-c29": 1.400426763698582, "target": "realtime"}
{"iteration": 170, "hu-worker-c23": 0.820758471694383, "hu-worker-c40": 1.0767222147066522, "hu-worker-c43": 0.8080059331273487, "hu-worker-c29": 1.4004461135893058, "target": "realtime"}
{"iteration": 171, "hu-worker-c23": 0.821510733423617, "hu-worker-c40": 1.0763885076663344, "hu-worker-c43": 0.8077554689706099, "hu-worker-c29": 1.400031472117122, "target": "realtime"}
{"iteration": 172, "hu-worker-c23": 0.821573282498305, "hu-worker-c40": 1.0764704629545916, "hu-worker-c43": 0.8075764986481349, "hu-worker-c29": 1.4001285216110664, "target": "realtime"}
{"iteration": 173, "hu-worker-c23": 0.8220640260785198, "hu-worker-c40": 1.0745957199949145, "hu-worker-c43": 0.8080590196443903, "hu-worker-c29": 1.4008968784124536, "target": "realtime"}
{"iteration": 174, "hu-worker-c23": 0.8222207105650348, "hu-worker-c40": 1.0745263102429885, "hu-worker-c43": 0.8080068166272086, "hu-worker-c29": 1.4008108910983568, "target": "realtime"}
{"iteration": 175, "hu-worker-c23": 0.8222608994526823, "hu-worker-c40": 1.0743735437139792, "hu-worker-c43": 0.8080463234663611, "hu-worker-c29": 1.4008731037318487, "target": "realtime"}
{"iteration": 176, "hu-worker-c23": 0.8222433840363378, "hu-worker-c40": 1.0743507434213564, "hu-worker-c43": 0.8080291003156171, "hu-worker-c29": 1.4009625365194716, "target": "realtime"}
{"iteration": 177, "hu-worker-c23": 0.8221645589260387, "hu-worker-c40": 1.0742477497398406, "hu-worker-c43": 0.8082543048965178, "hu-worker-c29": 1.4008407581075637, "target": "realtime"}
{"iteration": 178, "hu-worker-c23": 0.8219729068649024, "hu-worker-c40": 1.0739984902918203, "hu-worker-c43": 0.8080657531824561, "hu-worker-c29": 1.401819590398468, "target": "realtime"}
{"iteration": 179, "hu-worker-c23": 0.8214355870469665, "hu-worker-c40": 1.0742366562692784, "hu-worker-c43": 0.8082449795972898, "hu-worker-c29": 1.4021145713600482, "target": "realtime"}
{"iteration": 180, "hu-worker-c23": 0.8211470508819115, "hu-worker-c40": 1.0743646608416286, "hu-worker-c43": 0.808341306745913, "hu-worker-c29": 1.4022730123273879, "target": "realtime"}
{"iteration": 181, "hu-worker-c23": 0.8211451525297326, "hu-worker-c40": 1.074362177091988, "hu-worker-c43": 0.808346761937229, "hu-worker-c29": 1.4022700325918989, "target": "realtime"}
{"iteration": 182, "hu-worker-c23": 0.8212103808008969, "hu-worker-c40": 1.0744471092585859, "hu-worker-c43": 0.808411024123247, "hu-worker-c29": 1.4019363626535868, "target": "realtime"}
{"iteration": 183, "hu-worker-c23": 0.8201746526986026, "hu-worker-c40": 1.0730919926382694, "hu-worker-c43": 0.8113798428423228, "hu-worker-c29": 1.4003367553640693, "target": "realtime"}
{"iteration": 184, "hu-worker-c23": 0.8201005794170713, "hu-worker-c40": 1.0733735407402547, "hu-worker-c43": 0.8113065391559915, "hu-worker-c29": 1.4002223947999397, "target": "realtime"}
{"iteration": 185, "hu-worker-c23": 0.8202654822431232, "hu-worker-c40": 1.0733002371537927, "hu-worker-c43": 0.8112511216964002, "hu-worker-c29": 1.40013215012738, "target": "realtime"}
{"iteration": 186, "hu-worker-c23": 0.8202227133934687, "hu-worker-c40": 1.0734626370714506, "hu-worker-c43": 0.8112088081645314, "hu-worker-c29": 1.4000663508481457, "target": "realtime"}
{"iteration": 187, "hu-worker-c23": 0.8203265302018979, "hu-worker-c40": 1.0730698536294958, "hu-worker-c43": 0.8113115233928566, "hu-worker-c29": 1.4002242799047022, "target": "realtime"}
{"iteration": 188, "hu-worker-c23": 0.8202805613504774, "hu-worker-c40": 1.073009721688291, "hu-worker-c43": 0.8114431025317822, "hu-worker-c29": 1.40015414452545, "target": "realtime"}
{"iteration": 189, "hu-worker-c23": 0.8204911673598766, "hu-worker-c40": 1.0729158705294735, "hu-worker-c43": 0.8113721128266689, "hu-worker-c29": 1.4000396767193575, "target": "realtime"}
{"iteration": 190, "hu-worker-c23": 0.8204455912948947, "hu-worker-c40": 1.0729362247547622, "hu-worker-c43": 0.81138750928719, "hu-worker-c29": 1.400064321028038, "target": "realtime"}
{"iteration": 191, "hu-worker-c23": 0.8205210334591864, "hu-worker-c40": 1.0730348841936332, "hu-worker-c43": 0.8111726973764347, "hu-worker-c29": 1.4001775690659373, "target": "realtime"}
{"iteration": 192, "hu-worker-c23": 0.8207320630077249, "hu-worker-c40": 1.073310857945653, "hu-worker-c43": 0.8105726261452262, "hu-worker-c29": 1.4004936499686267, "target": "realtime"}
{"iteration": 193, "hu-worker-c23": 0.8209698637289075, "hu-worker-c40": 1.0732043401325426, "hu-worker-c43": 0.8104921597029953, "hu-worker-c29": 1.400365962972516, "target": "realtime"}
{"iteration": 194, "hu-worker-c23": 0.8215764418395753, "hu-worker-c40": 1.073993353898235, "hu-worker-c43": 0.8110914820036269, "hu-worker-c29": 1.397270814960611, "target": "realtime"}
{"iteration": 195, "hu-worker-c23": 0.8215262273357353, "hu-worker-c40": 1.0741818980946498, "hu-worker-c43": 0.811041885915311, "hu-worker-c29": 1.3971963869022765, "target": "realtime"}
{"iteration": 196, "hu-worker-c23": 0.8214204746723034, "hu-worker-c40": 1.0740443075194883, "hu-worker-c43": 0.810937398126475, "hu-worker-c29": 1.3977353505295556, "target": "realtime"}
{"iteration": 197, "hu-worker-c23": 0.8215038834193663, "hu-worker-c40": 1.0737322326184608, "hu-worker-c43": 0.8110197825347017, "hu-worker-c29": 1.3978576289590545, "target": "realtime"}
{"iteration": 198, "hu-worker-c23": 0.821890981901658, "hu-worker-c40": 1.0742355251403812, "hu-worker-c43": 0.8114022694240306, "hu-worker-c29": 1.395886336582743, "target": "realtime"}
{"iteration": 199, "hu-worker-c23": 0.8219000948251339, "hu-worker-c40": 1.0742016155598069, "hu-worker-c43": 0.811411270913945, "hu-worker-c29": 1.3958994375510887, "target": "realtime"}
{"iteration": 200, "hu-worker-c23": 0.8217642044842053, "hu-worker-c40": 1.0740240103142962, "hu-worker-c43": 0.8117955888055163, "hu-worker-c29": 1.395700078201106, "target": "realtime"}
{"iteration": 201, "hu-worker-c23": 0.8216411917741197, "hu-worker-c40": 1.074079217806534, "hu-worker-c43": 0.8118373302037436, "hu-worker-c29": 1.3957655188161897, "target": "realtime"}
{"iteration": 202, "hu-worker-c23": 0.8216839555368814, "hu-worker-c40": 1.0741351202080207, "hu-worker-c43": 0.8117165265014413, "hu-worker-c29": 1.395827943100634, "target": "realtime"}
{"iteration": 203, "hu-worker-c23": 0.8217743186352924, "hu-worker-c40": 1.074094551985095, "hu-worker-c43": 0.8116858596536612, "hu-worker-c29": 1.39577990361263, "target": "realtime"}
{"iteration": 204, "hu-worker-c23": 0.8217671015841486, "hu-worker-c40": 1.0740851189780845, "hu-worker-c43": 0.811706283621733, "hu-worker-c29": 1.3957692992920612, "target": "realtime"}
{"iteration": 205, "hu-worker-c23": 0.8219114480816264, "hu-worker-c40": 1.0740202985219653, "hu-worker-c43": 0.8116572818259565, "hu-worker-c29": 1.3956926508049567, "target": "realtime"}
{"iteration": 206, "hu-worker-c23": 0.8216830186635631, "hu-worker-c40": 1.0748716501156048, "hu-worker-c43": 0.8114315832606407, "hu-worker-c29": 1.3953629012615338, "target": "realtime"}
{"iteration": 207, "hu-worker-c23": 0.821646505702989, "hu-worker-c40": 1.074823886212549, "hu-worker-c43": 0.8115344672016847, "hu-worker-c29": 1.3953100047999263, "target": "realtime"}
{"iteration": 208, "hu-worker-c23": 0.821783124110573, "hu-worker-c40": 1.0750026016162513, "hu-worker-c43": 0.8111499248436044, "hu-worker-c29": 1.395507368426896, "target": "realtime"}
{"iteration": 209, "hu-worker-c23": 0.821736864280841, "hu-worker-c40": 1.075023453869587, "hu-worker-c43": 0.8111656645619257, "hu-worker-c29": 1.395531779380492, "target": "realtime"}
{"iteration": 210, "hu-worker-c23": 0.8215318880176155, "hu-worker-c40": 1.0751158874379203, "hu-worker-c43": 0.8112354355073652, "hu-worker-c29": 1.3956399166080742, "target": "realtime"}
{"iteration": 211, "hu-worker-c23": 0.8213936759577506, "hu-worker-c40": 1.075631707029587, "hu-worker-c43": 0.8110988838177373, "hu-worker-c29": 1.395440250436743, "target": "realtime"}
{"iteration": 212, "hu-worker-c23": 0.8214641246757521, "hu-worker-c40": 1.075723961158475, "hu-worker-c43": 0.8109007429546118, "hu-worker-c29": 1.3955418274512243, "target": "realtime"}
{"iteration": 213, "hu-worker-c23": 0.8207594872851416, "hu-worker-c40": 1.0748064085353266, "hu-worker-c43": 0.8102045269679097, "hu-worker-c29": 1.3991335663552642, "target": "realtime"}
{"iteration": 214, "hu-worker-c23": 0.8206411105912239, "hu-worker-c40": 1.0752480361830912, "hu-worker-c43": 0.8100876099125104, "hu-worker-c29": 1.3989625308271585, "target": "realtime"}
{"iteration": 215, "hu-worker-c23": 0.8208696043942597, "hu-worker-c40": 1.0751448230920904, "hu-worker-c43": 0.8100098217274319, "hu-worker-c29": 1.3988417064272547, "target": "realtime"}
{"iteration": 216, "hu-worker-c23": 0.8213016202008524, "hu-worker-c40": 1.0757074720464936, "hu-worker-c43": 0.8104365154496764, "hu-worker-c29": 1.3966389013589424, "target": "realtime"}
{"iteration": 217, "hu-worker-c23": 0.8220225954421866, "hu-worker-c40": 1.076646419836539, "hu-worker-c43": 0.8111486133514988, "hu-worker-c29": 1.39297304913919, "target": "realtime"}
{"iteration": 218, "hu-worker-c23": 0.8219438340210609, "hu-worker-c40": 1.076543261725252, "hu-worker-c43": 0.8113696571916225, "hu-worker-c29": 1.3928604562937004, "target": "realtime"}
{"iteration": 219, "hu-worker-c23": 0.8216000323117061, "hu-worker-c40": 1.0766989126299713, "hu-worker-c43": 0.8114870129188883, "hu-worker-c29": 1.3930403756671272, "target": "realtime"}
{"iteration": 220, "hu-worker-c23": 0.8215585236021825, "hu-worker-c40": 1.0766445158049054, "hu-worker-c43": 0.811603596937908, "hu-worker-c29": 1.392981018618998, "target": "realtime"}
{"iteration": 221, "hu-worker-c23": 0.8216918340875582, "hu-worker-c40": 1.0765841502943345, "hu-worker-c43": 0.8115580744569191, "hu-worker-c29": 1.3929112441301357, "target": "realtime"}
{"iteration": 222, "hu-worker-c23": 0.8216243445473955, "hu-worker-c40": 1.0764957251077991, "hu-worker-c43": 0.811747405102207, "hu-worker-c29": 1.3928151518553697, "target": "realtime"}
{"iteration": 223, "hu-worker-c23": 0.8215576223526858, "hu-worker-c40": 1.076744216746837, "hu-worker-c43": 0.8116814482264365, "hu-worker-c29": 1.3927199701483948, "target": "realtime"}
{"iteration": 224, "hu-worker-c23": 0.8211578615005373, "hu-worker-c40": 1.0769259887905769, "hu-worker-c43": 0.8118185306819654, "hu-worker-c29": 1.3929275461443735, "target": "realtime"}
{"iteration": 225, "hu-worker-c23": 0.8214263616734518, "hu-worker-c40": 1.0759283717467962, "hu-worker-c43": 0.8120841319437233, "hu-worker-c29": 1.393307514300698, "target": "realtime"}
{"iteration": 226, "hu-worker-c23": 0.8213994780528459, "hu-worker-c40": 1.0760280422750876, "hu-worker-c43": 0.8120575381475452, "hu-worker-c29": 1.3932696783709486, "target": "realtime"}
{"iteration": 227, "hu-worker-c23": 0.8217859086287311, "hu-worker-c40": 1.0765312246256251, "hu-worker-c43": 0.8124399492122825, "hu-worker-c29": 1.3913084046642707, "target": "realtime"}
{"iteration": 228, "hu-worker-c23": 0.821955267518953, "hu-worker-c40": 1.0767530833360193, "hu-worker-c43": 0.8119667220500852, "hu-worker-c29": 1.3915456647015507, "target": "realtime"}
{"iteration": 229, "hu-worker-c23": 0.821964927520374, "hu-worker-c40": 1.0767657378564697, "hu-worker-c43": 0.8119397910986511, "hu-worker-c29": 1.391559111684787, "target": "realtime"}
{"iteration": 230, "hu-worker-c23": 0.8224066396688594, "hu-worker-c40": 1.076564663613407, "hu-worker-c43": 0.8117881031758811, "hu-worker-c29": 1.391331407666343, "target": "realtime"}
{"iteration": 231, "hu-worker-c23": 0.8224244151260265, "hu-worker-c40": 1.076556579603754, "hu-worker-c43": 0.8117820047351924, "hu-worker-c29": 1.39132223572466, "target": "realtime"}
{"iteration": 232, "hu-worker-c23": 0.8224164688358041, "hu-worker-c40": 1.0765462360407625, "hu-worker-c43": 0.811774154093576, "hu-worker-c29": 1.3913625026360217, "target": "realtime"}
{"iteration": 233, "hu-worker-c23": 0.8223167549250272, "hu-worker-c40": 1.0764157099915856, "hu-worker-c43": 0.8120521742785375, "hu-worker-c29": 1.391223483119259, "target": "realtime"}
{"iteration": 234, "hu-worker-c23": 0.8218029322796679, "hu-worker-c40": 1.0757471979723492, "hu-worker-c43": 0.8115442611471714, "hu-worker-c29": 1.3938302283836859, "target": "realtime"}
{"iteration": 235, "hu-worker-c23": 0.8220087574400717, "hu-worker-c40": 1.0749886294426472, "hu-worker-c43": 0.8117476484924703, "hu-worker-c29": 1.3941151469303077, "target": "realtime"}
{"iteration": 236, "hu-worker-c23": 0.8246925178621514, "hu-worker-c40": 1.0737701945237077, "hu-worker-c43": 0.8108271666701033, "hu-worker-c29": 1.3927344224141551, "target": "realtime"}
{"iteration": 237, "hu-worker-c23": 0.8246235692863805, "hu-worker-c40": 1.0740230800479666, "hu-worker-c43": 0.8107593333682044, "hu-worker-c29": 1.3926394237916893, "target": "realtime"}
{"iteration": 238, "hu-worker-c23": 0.8247033608999678, "hu-worker-c40": 1.0737306775193578, "hu-worker-c43": 0.8108378349714503, "hu-worker-c29": 1.3927490429619016, "target": "realtime"}
{"iteration": 239, "hu-worker-c23": 0.8246848258354897, "hu-worker-c40": 1.0737065455768842, "hu-worker-c43": 0.8108891375718819, "hu-worker-c29": 1.3927235295516454, "target": "realtime"}
{"iteration": 240, "hu-worker-c23": 0.8249149145622499, "hu-worker-c40": 1.0740061122702396, "hu-worker-c43": 0.8102529141241384, "hu-worker-c29": 1.3930396874528683, "target": "realtime"}
{"iteration": 241, "hu-worker-c23": 0.8238495704144506, "hu-worker-c40": 1.074490765156529, "hu-worker-c43": 0.8106187242265981, "hu-worker-c29": 1.39358275029526, "target": "realtime"}
{"iteration": 242, "hu-worker-c23": 0.823550157967439, "hu-worker-c40": 1.0746271116138966, "hu-worker-c43": 0.8107216367698552, "hu-worker-c29": 1.3937355839245837, "target": "realtime"}
{"iteration": 243, "hu-worker-c23": 0.8234399452005863, "hu-worker-c40": 1.074483297917252, "hu-worker-c43": 0.811026352498642, "hu-worker-c29": 1.393584907156787, "target": "realtime"}
{"iteration": 244, "hu-worker-c23": 0.8231566377029396, "hu-worker-c40": 1.0746126889956416, "hu-worker-c43": 0.8111240674611712, "hu-worker-c29": 1.3937287639903855, "target": "realtime"}
{"iteration": 245, "hu-worker-c23": 0.823099211845747, "hu-worker-c40": 1.0745381877297615, "hu-worker-c43": 0.8110674233444028, "hu-worker-c29": 1.3940199901080437, "target": "realtime"}
{"iteration": 246, "hu-worker-c23": 0.8234025611966205, "hu-worker-c40": 1.0749342042952763, "hu-worker-c43": 0.810229487738818, "hu-worker-c29": 1.3944336650723912, "target": "realtime"}
{"iteration": 247, "hu-worker-c23": 0.8232404366047226, "hu-worker-c40": 1.0755270435733266, "hu-worker-c43": 0.8100698441655714, "hu-worker-c29": 1.3942142118504226, "target": "realtime"}
{"iteration": 248, "hu-worker-c23": 0.8226759409250153, "hu-worker-c40": 1.074794280156595, "hu-worker-c43": 0.8095137970297488, "hu-worker-c29": 1.3970810495188741, "target": "realtime"}
{"iteration": 249, "hu-worker-c23": 0.8226873056043537, "hu-worker-c40": 1.0748091276919423, "hu-worker-c43": 0.8094824880817405, "hu-worker-c29": 1.3970964853767096, "target": "realtime"}
{"iteration": 250, "hu-worker-c23": 0.8225180335818494, "hu-worker-c40": 1.0748867036288645, "hu-worker-c43": 0.8095409448620867, "hu-worker-c29": 1.3971822556185336, "target": "realtime"}
{"iteration": 251, "hu-worker-c23": 0.8221851104072126, "hu-worker-c40": 1.0744544200510207, "hu-worker-c43": 0.8092129305456908, "hu-worker-c29": 1.398877168061085, "target": "realtime"}
{"iteration": 252, "hu-worker-c23": 0.8217187167651078, "hu-worker-c40": 1.0746683027177184, "hu-worker-c43": 0.8093740999998216, "hu-worker-c29": 1.399113922731575, "target": "realtime"}
{"iteration": 253, "hu-worker-c23": 0.8217209968207173, "hu-worker-c40": 1.074660031313024, "hu-worker-c43": 0.8093763475962209, "hu-worker-c29": 1.3991169238987817, "target": "realtime"}
{"iteration": 254, "hu-worker-c23": 0.8218895462758483, "hu-worker-c40": 1.0748804633418396, "hu-worker-c43": 0.8089117449759119, "hu-worker-c29": 1.3993463934021328, "target": "realtime"}
{"iteration": 255, "hu-worker-c23": 0.8216331651894356, "hu-worker-c40": 1.0758193520733057, "hu-worker-c43": 0.80865923264524, "hu-worker-c29": 1.3989981404481329, "target": "realtime"}
{"iteration": 256, "hu-worker-c23": 0.8221663013965468, "hu-worker-c40": 1.0755745223762039, "hu-worker-c43": 0.8084751029815457, "hu-worker-c29": 1.3987276857759778, "target": "realtime"}
{"iteration": 257, "hu-worker-c23": 0.8218542988210175, "hu-worker-c40": 1.075166353710635, "hu-worker-c43": 0.8093330802016855, "hu-worker-c29": 1.3983059702030045, "target": "realtime"}
{"iteration": 258, "hu-worker-c23": 0.8221148525726072, "hu-worker-c40": 1.0755072158959942, "hu-worker-c43": 0.8086173750217097, "hu-worker-c29": 1.3986566294161504, "target": "realtime"}
{"iteration": 259, "hu-worker-c23": 0.8218710554196026, "hu-worker-c40": 1.0756195155223023, "hu-worker-c43": 0.8087018554483613, "hu-worker-c29": 1.3987793151715946, "target": "realtime"}
{"iteration": 260, "hu-worker-c23": 0.8220099772739397, "hu-worker-c40": 1.0755554956558284, "hu-worker-c43": 0.8086536945966337, "hu-worker-c29": 1.3987094604400458, "target": "realtime"}
{"iteration": 261, "hu-worker-c23": 0.8221245588785407, "hu-worker-c40": 1.0751378372935059, "hu-worker-c43": 0.8087664994220969, "hu-worker-c29": 1.3988626618426343, "target": "realtime"}
{"iteration": 262, "hu-worker-c23": 0.821995644504556, "hu-worker-c40": 1.0749692485593185, "hu-worker-c43": 0.8091196683250117, "hu-worker-c29": 1.3986906919414892, "target": "realtime"}
{"iteration": 263, "hu-worker-c23": 0.8220010225263069, "hu-worker-c40": 1.0749762322726009, "hu-worker-c43": 0.8091249681929038, "hu-worker-c29": 1.3986632926910707, "target": "realtime"}
{"iteration": 264, "hu-worker-c23": 0.8223044760261137, "hu-worker-c40": 1.073874058322389, "hu-worker-c43": 0.8094239012256759, "hu-worker-c29": 1.3990652514047086, "target": "realtime"}
{"iteration": 265, "hu-worker-c23": 0.8221705228258054, "hu-worker-c40": 1.0743599771289154, "hu-worker-c43": 0.8092919423445926, "hu-worker-c29": 1.3988883723078678, "target": "realtime"}
{"iteration": 266, "hu-worker-c23": 0.8220843601833826, "hu-worker-c40": 1.0742481334406464, "hu-worker-c43": 0.8092070371197834, "hu-worker-c29": 1.399327455741817, "target": "realtime"}
{"iteration": 267, "hu-worker-c23": 0.8221464286956744, "hu-worker-c40": 1.0742195001693733, "hu-worker-c43": 0.8091854553646426, "hu-worker-c29": 1.3992964283298732, "target": "realtime"}
{"iteration": 268, "hu-worker-c23": 0.8217681885702838, "hu-worker-c40": 1.0737285905614684, "hu-worker-c43": 0.8088127712077752, "hu-worker-c29": 1.401225903248197, "target": "realtime"}
{"iteration": 269, "hu-worker-c23": 0.821710202390082, "hu-worker-c40": 1.073652825254641, "hu-worker-c43": 0.8089714632732818, "hu-worker-c29": 1.401148762314113, "target": "realtime"}
{"iteration": 270, "hu-worker-c23": 0.8215613754377684, "hu-worker-c40": 1.0734583665077715, "hu-worker-c43": 0.8093785329614287, "hu-worker-c29": 1.4009514981202422, "target": "realtime"}
{"iteration": 271, "hu-worker-c23": 0.821519760823788, "hu-worker-c40": 1.0734776292806565, "hu-worker-c43": 0.8093930661537992, "hu-worker-c29": 1.4009721680556402, "target": "realtime"}
{"iteration": 272, "hu-worker-c23": 0.8214330555683692, "hu-worker-c40": 1.0735177663990656, "hu-worker-c43": 0.8094233484105757, "hu-worker-c29": 1.4010152431983676, "target": "realtime"}
{"iteration": 273, "hu-worker-c23": 0.8214510502249, "hu-worker-c40": 1.0735412833679325, "hu-worker-c43": 0.8093742137717499, "hu-worker-c29": 1.4010389103451717, "target": "realtime"}
{"iteration": 274, "hu-worker-c23": 0.8215802372870155, "hu-worker-c40": 1.0730741846706038, "hu-worker-c43": 0.8095016061211734, "hu-worker-c29": 1.401207825925891, "target": "realtime"}
{"iteration": 275, "hu-worker-c23": 0.8217217256716207, "hu-worker-c40": 1.072563695288047, "hu-worker-c43": 0.809641130987957, "hu-worker-c29": 1.4013918096595948, "target": "realtime"}
{"iteration": 276, "hu-worker-c23": 0.8216238797283514, "hu-worker-c40": 1.0726091034531409, "hu-worker-c43": 0.8096754310400457, "hu-worker-c29": 1.4014399939459203, "target": "realtime"}
{"iteration": 277, "hu-worker-c23": 0.8229252039405519, "hu-worker-c40": 1.0742960256185865, "hu-worker-c43": 0.8109593040199777, "hu-worker-c29": 1.394814991079588, "target": "realtime"}
{"iteration": 278, "hu-worker-c23": 0.8229359478382339, "hu-worker-c40": 1.0742573368247876, "hu-worker-c43": 0.8109699007296466, "hu-worker-c29": 1.3948287877593124, "target": "realtime"}
{"iteration": 279, "hu-worker-c23": 0.822960818744259, "hu-worker-c40": 1.0742898032633612, "hu-worker-c43": 0.8109022032318065, "hu-worker-c29": 1.3948609211030005, "target": "realtime"}
{"iteration": 280, "hu-worker-c23": 0.8224477482484293, "hu-worker-c40": 1.0745284072475545, "hu-worker-c43": 0.8110824316834114, "hu-worker-c29": 1.3951110808287848, "target": "realtime"}
{"iteration": 281, "hu-worker-c23": 0.8222753907316331, "hu-worker-c40": 1.0743032216753494, "hu-worker-c43": 0.8115522501990753, "hu-worker-c29": 1.3948880151663992, "target": "realtime"}
{"iteration": 282, "hu-worker-c23": 0.8227471527222584, "hu-worker-c40": 1.0740836876014823, "hu-worker-c43": 0.8113862942719064, "hu-worker-c29": 1.3946583253239453, "target": "realtime"}
{"iteration": 283, "hu-worker-c23": 0.8224599287663746, "hu-worker-c40": 1.0737087205178173, "hu-worker-c43": 0.81216894178728, "hu-worker-c29": 1.3942876937563227, "target": "realtime"}
{"iteration": 284, "hu-worker-c23": 0.8221078412759226, "hu-worker-c40": 1.0732523333322515, "hu-worker-c43": 0.8118208564414917, "hu-worker-c29": 1.3960763291268163, "target": "realtime"}
{"iteration": 285, "hu-worker-c23": 0.8217181371561721, "hu-worker-c40": 1.0727472155873785, "hu-worker-c43": 0.8114355784278162, "hu-worker-c29": 1.3980595972068164, "target": "realtime"}
{"iteration": 286, "hu-worker-c23": 0.8216547420821623, "hu-worker-c40": 1.0727767646065087, "hu-worker-c43": 0.8114579455193544, "hu-worker-c29": 1.3980904151526863, "target": "realtime"}
{"iteration": 287, "hu-worker-c23": 0.8217854060457075, "hu-worker-c40": 1.0723076593971148, "hu-worker-c43": 0.8115871016828994, "hu-worker-c29": 1.398257093238322, "target": "realtime"}
{"iteration": 288, "hu-worker-c23": 0.8211905391795271, "hu-worker-c40": 1.0725852061424117, "hu-worker-c43": 0.8117973179239938, "hu-worker-c29": 1.3985456540295258, "target": "realtime"}
{"iteration": 289, "hu-worker-c23": 0.8212516540421648, "hu-worker-c40": 1.072665030508318, "hu-worker-c43": 0.8116308894338082, "hu-worker-c29": 1.3986242464688765, "target": "realtime"}
{"iteration": 290, "hu-worker-c23": 0.8209816734045021, "hu-worker-c40": 1.0736356436343368, "hu-worker-c43": 0.811363836636997, "hu-worker-c29": 1.3982794318645686, "target": "realtime"}
{"iteration": 291, "hu-worker-c23": 0.8209723576798836, "hu-worker-c40": 1.0736234610094204, "hu-worker-c43": 0.8113892006594731, "hu-worker-c29": 1.3982674539413318, "target": "realtime"}
{"iteration": 292, "hu-worker-c23": 0.8207532413571974, "hu-worker-c40": 1.0737261131297557, "hu-worker-c43": 0.8114668377193719, "hu-worker-c29": 1.3983732318636235, "target": "realtime"}
{"iteration": 293, "hu-worker-c23": 0.8211009067614863, "hu-worker-c40": 1.0724772828659548, "hu-worker-c43": 0.811810875709299, "hu-worker-c29": 1.398815710365698, "target": "realtime"}
{"iteration": 294, "hu-worker-c23": 0.821068864908664, "hu-worker-c40": 1.072435431466931, "hu-worker-c43": 0.8118979911270986, "hu-worker-c29": 1.3987747864261866, "target": "realtime"}
{"iteration": 295, "hu-worker-c23": 0.8202659976494588, "hu-worker-c40": 1.0728120108080665, "hu-worker-c43": 0.8121833026082141, "hu-worker-c29": 1.3991607288056986, "target": "realtime"}
{"iteration": 296, "hu-worker-c23": 0.8195635730432914, "hu-worker-c40": 1.0718999945222007, "hu-worker-c43": 0.8114869726455578, "hu-worker-c29": 1.4027540521731472, "target": "realtime"}
{"iteration": 297, "hu-worker-c23": 0.8192584617277751, "hu-worker-c40": 1.0720433705858265, "hu-worker-c43": 0.811595600312307, "hu-worker-c29": 1.4029009998062136, "target": "realtime"}
{"iteration": 298, "hu-worker-c23": 0.8192931122811171, "hu-worker-c40": 1.07208871276716, "hu-worker-c43": 0.8115015049366172, "hu-worker-c29": 1.4029449914526597, "target": "realtime"}
{"iteration": 299, "hu-worker-c23": 0.8192651712477741, "hu-worker-c40": 1.0720521503665272, "hu-worker-c43": 0.8115773401598987, "hu-worker-c29": 1.402909585428958, "target": "realtime"}
{"iteration": 300, "hu-worker-c23": 0.8197151839466128, "hu-worker-c40": 1.0726366550727477, "hu-worker-c43": 0.8120236703793169, "hu-worker-c29": 1.400605079960032, "target": "realtime"}
{"iteration": 301, "hu-worker-c23": 0.8199069178014178, "hu-worker-c40": 1.0719505051811644, "hu-worker-c43": 0.8122137824198831, "hu-worker-c29": 1.400845893258794, "target": "realtime"}
{"iteration": 302, "hu-worker-c23": 0.8199008870354065, "hu-worker-c40": 1.0719533499252256, "hu-worker-c43": 0.8122159396400439, "hu-worker-c29": 1.4008487589500989, "target": "realtime"}
{"iteration": 303, "hu-worker-c23": 0.8199559268496265, "hu-worker-c40": 1.0720253101181354, "hu-worker-c43": 0.8120667413083764, "hu-worker-c29": 1.4009180389544038, "target": "realtime"}
{"iteration": 304, "hu-worker-c23": 0.8201477270825279, "hu-worker-c40": 1.0722742088010366, "hu-worker-c43": 0.8122569273085595, "hu-worker-c29": 1.3999374459609837, "target": "realtime"}
{"iteration": 305, "hu-worker-c23": 0.8201944677794788, "hu-worker-c40": 1.072107262960347, "hu-worker-c43": 0.8123032621334394, "hu-worker-c29": 1.3999957874449058, "target": "realtime"}
{"iteration": 306, "hu-worker-c23": 0.8202796314580119, "hu-worker-c40": 1.0718035143155522, "hu-worker-c43": 0.8123876872272675, "hu-worker-c29": 1.4001016363181302, "target": "realtime"}
{"iteration": 307, "hu-worker-c23": 0.8201665866009907, "hu-worker-c40": 1.071856740197415, "hu-worker-c43": 0.8124280630065605, "hu-worker-c29": 1.4001554912867438, "target": "realtime"}
{"iteration": 308, "hu-worker-c23": 0.820224170619579, "hu-worker-c40": 1.071829627286511, "hu-worker-c43": 0.8124074958606331, "hu-worker-c29": 1.4001280539437078, "target": "realtime"}
{"iteration": 309, "hu-worker-c23": 0.8201133638583291, "hu-worker-c40": 1.0716848300426594, "hu-worker-c43": 0.812707589244253, "hu-worker-c29": 1.3999892878171816, "target": "realtime"}
{"iteration": 310, "hu-worker-c23": 0.8201389103640135, "hu-worker-c40": 1.071718213056692, "hu-worker-c43": 0.8126384395417233, "hu-worker-c29": 1.4000211941876874, "target": "realtime"}
{"iteration": 311, "hu-worker-c23": 0.8197878050333504, "hu-worker-c40": 1.0718844021284402, "hu-worker-c43": 0.8127645614883747, "hu-worker-c29": 1.4001863392128824, "target": "realtime"}
{"iteration": 312, "hu-worker-c23": 0.8197321138156005, "hu-worker-c40": 1.0718115849114025, "hu-worker-c43": 0.8129150734861896, "hu-worker-c29": 1.4001173174064077, "target": "realtime"}
{"iteration": 313, "hu-worker-c23": 0.8196155043096164, "hu-worker-c40": 1.0722262999415488, "hu-worker-c43": 0.8127993189580897, "hu-worker-c29": 1.399974251780149, "target": "realtime"}
{"iteration": 314, "hu-worker-c23": 0.8195964971328948, "hu-worker-c40": 1.0722016228344144, "hu-worker-c43": 0.8127804464992402, "hu-worker-c29": 1.4000714484784522, "target": "realtime"}
{"iteration": 315, "hu-worker-c23": 0.8195479543453144, "hu-worker-c40": 1.0723742079887906, "hu-worker-c43": 0.8127322593183687, "hu-worker-c29": 1.4000120413842942, "target": "realtime"}
{"iteration": 316, "hu-worker-c23": 0.82042908564251, "hu-worker-c40": 1.0719567537855317, "hu-worker-c43": 0.8124156060704788, "hu-worker-c29": 1.3995983740957552, "target": "realtime"}
{"iteration": 317, "hu-worker-c23": 0.8205133701066284, "hu-worker-c40": 1.0716576582923167, "hu-worker-c43": 0.812499150949584, "hu-worker-c29": 1.3997012489445726, "target": "realtime"}
{"iteration": 318, "hu-worker-c23": 0.8201258793957731, "hu-worker-c40": 1.0711554895040627, "hu-worker-c43": 0.812114957807637, "hu-worker-c29": 1.4016818705422949, "target": "realtime"}
{"iteration": 319, "hu-worker-c23": 0.8199696603119441, "hu-worker-c40": 1.0712294477637692, "hu-worker-c43": 0.8121710789835549, "hu-worker-c29": 1.401755256788102, "target": "realtime"}
{"iteration": 320, "hu-worker-c23": 0.8199599975761458, "hu-worker-c40": 1.0712169216975576, "hu-worker-c43": 0.8121614960390707, "hu-worker-c29": 1.4018047071081272, "target": "realtime"}
{"iteration": 321, "hu-worker-c23": 0.8200424536915567, "hu-worker-c40": 1.0713246447143436, "hu-worker-c43": 0.8119392532360528, "hu-worker-c29": 1.4019064379124568, "target": "realtime"}
{"iteration": 322, "hu-worker-c23": 0.8195638996279233, "hu-worker-c40": 1.0715521874165408, "hu-worker-c43": 0.8121118596031393, "hu-worker-c29": 1.402129090504636, "target": "realtime"}
{"iteration": 323, "hu-worker-c23": 0.8195057718078774, "hu-worker-c40": 1.0714761870950111, "hu-worker-c43": 0.8122684772335602, "hu-worker-c29": 1.4020576147187827, "target": "realtime"}
{"iteration": 324, "hu-worker-c23": 0.8193921977164319, "hu-worker-c40": 1.0713276924882569, "hu-worker-c43": 0.8125740388458003, "hu-worker-c29": 1.4019189359971156, "target": "realtime"}
{"iteration": 325, "hu-worker-c23": 0.8193748920844786, "hu-worker-c40": 1.0713359467188313, "hu-worker-c43": 0.8125803052768212, "hu-worker-c29": 1.4019269323757522, "target": "realtime"}
{"iteration": 326, "hu-worker-c23": 0.8191055721609076, "hu-worker-c40": 1.0722893286792115, "hu-worker-c43": 0.8123129409185107, "hu-worker-c29": 1.4016021780266794, "target": "realtime"}
{"iteration": 327, "hu-worker-c23": 0.819189682277871, "hu-worker-c40": 1.0723994372862917, "hu-worker-c43": 0.8120873062511459, "hu-worker-c29": 1.4017037227740268, "target": "realtime"}
{"iteration": 328, "hu-worker-c23": 0.8191091386896272, "hu-worker-c40": 1.0724379636554555, "hu-worker-c43": 0.8121165083394833, "hu-worker-c29": 1.401740787795364, "target": "realtime"}
{"iteration": 329, "hu-worker-c23": 0.8191309389842512, "hu-worker-c40": 1.0723608176341326, "hu-worker-c43": 0.8121381452178312, "hu-worker-c29": 1.4017669743251908, "target": "realtime"}
{"iteration": 330, "hu-worker-c23": 0.8192024327673463, "hu-worker-c40": 1.072454413532522, "hu-worker-c43": 0.811946469873993, "hu-worker-c29": 1.4018531694216332, "target": "realtime"}
{"iteration": 331, "hu-worker-c23": 0.8193598302372619, "hu-worker-c40": 1.0723791020801878, "hu-worker-c43": 0.8118893981143531, "hu-worker-c29": 1.4017808383056616, "target": "realtime"}
{"iteration": 332, "hu-worker-c23": 0.8193437079262363, "hu-worker-c40": 1.0724361677814667, "hu-worker-c43": 0.8118734061027031, "hu-worker-c29": 1.4017614401575238, "target": "realtime"}
{"iteration": 333, "hu-worker-c23": 0.8192268381626439, "hu-worker-c40": 1.0722844363034314, "hu-worker-c43": 0.8117574483721222, "hu-worker-c29": 1.4023600906437688, "target": "realtime"}
{"iteration": 334, "hu-worker-c23": 0.8190706782027853, "hu-worker-c40": 1.0720800383933755, "hu-worker-c43": 0.8121760872804393, "hu-worker-c29": 1.4021717493503167, "target": "realtime"}
{"iteration": 335, "hu-worker-c23": 0.8190424495038661, "hu-worker-c40": 1.0720433914154992, "hu-worker-c43": 0.8121480588124376, "hu-worker-c29": 1.4023164041069986, "target": "realtime"}
{"iteration": 336, "hu-worker-c23": 0.8189584521051596, "hu-worker-c40": 1.071934351679899, "hu-worker-c43": 0.8120646563391338, "hu-worker-c29": 1.4027469491419247, "target": "realtime"}
{"iteration": 337, "hu-worker-c23": 0.8190229113367101, "hu-worker-c40": 1.0719034976972688, "hu-worker-c43": 0.8120412600281991, "hu-worker-c29": 1.402717336755116, "target": "realtime"}
{"iteration": 338, "hu-worker-c23": 0.8192831130404428, "hu-worker-c40": 1.0722440397209847, "hu-worker-c43": 0.8113445910746837, "hu-worker-c29": 1.4030301721679908, "target": "realtime"}
{"iteration": 339, "hu-worker-c23": 0.8193079457351518, "hu-worker-c40": 1.0722321320492978, "hu-worker-c43": 0.8113355720368451, "hu-worker-c29": 1.403018824290356, "target": "realtime"}
{"iteration": 340, "hu-worker-c23": 0.8192605885638747, "hu-worker-c40": 1.0721701553620961, "hu-worker-c43": 0.8114620837060361, "hu-worker-c29": 1.4029622674196807, "target": "realtime"}
{"iteration": 341, "hu-worker-c23": 0.8192892742502705, "hu-worker-c40": 1.0721563863778976, "hu-worker-c43": 0.8114516525487092, "hu-worker-c29": 1.402949196912517, "target": "realtime"}
{"iteration": 342, "hu-worker-c23": 0.8193149841626188, "hu-worker-c40": 1.0720657006318401, "hu-worker-c43": 0.8114771439133569, "hu-worker-c29": 1.4029797701253859, "target": "realtime"}
{"iteration": 343, "hu-worker-c23": 0.8192700033805024, "hu-worker-c40": 1.0722241751723007, "hu-worker-c43": 0.811432544980174, "hu-worker-c29": 1.4029265321682638, "target": "realtime"}
{"iteration": 344, "hu-worker-c23": 0.8192029764959696, "hu-worker-c40": 1.072136453170535, "hu-worker-c43": 0.8116115341314091, "hu-worker-c29": 1.4028466699453097, "target": "realtime"}
{"iteration": 345, "hu-worker-c23": 0.8190176765864884, "hu-worker-c40": 1.0727890275402236, "hu-worker-c43": 0.8114277501426105, "hu-worker-c29": 1.402628134357177, "target": "realtime"}
{"iteration": 346, "hu-worker-c23": 0.8189858583049396, "hu-worker-c40": 1.0728043682609225, "hu-worker-c43": 0.8114393652255484, "hu-worker-c29": 1.402642491810214, "target": "realtime"}
{"iteration": 347, "hu-worker-c23": 0.8192394334338913, "hu-worker-c40": 1.0731365316498367, "hu-worker-c43": 0.8107638913288837, "hu-worker-c29": 1.4029421832327975, "target": "realtime"}
{"iteration": 348, "hu-worker-c23": 0.8190992855678234, "hu-worker-c40": 1.072954499497307, "hu-worker-c43": 0.81062500170184, "hu-worker-c29": 1.4036607406369068, "target": "realtime"}
{"iteration": 349, "hu-worker-c23": 0.8190533556371986, "hu-worker-c40": 1.0729766589032055, "hu-worker-c43": 0.8106417604048795, "hu-worker-c29": 1.4036814436617944, "target": "realtime"}
{"iteration": 350, "hu-worker-c23": 0.8191323755305907, "hu-worker-c40": 1.0730801768148879, "hu-worker-c43": 0.8104315249559214, "hu-worker-c29": 1.4037746975029697, "target": "realtime"}
{"iteration": 351, "hu-worker-c23": 0.8190533901739674, "hu-worker-c40": 1.0731183018616979, "hu-worker-c43": 0.8104603479890459, "hu-worker-c29": 1.403810266642826, "target": "realtime"}
{"iteration": 352, "hu-worker-c23": 0.8190098783750295, "hu-worker-c40": 1.0730617736796824, "hu-worker-c43": 0.8104172332719194, "hu-worker-c29": 1.4040334945501174, "target": "realtime"}
{"iteration": 353, "hu-worker-c23": 0.8193063048932223, "hu-worker-c40": 1.0720218358365072, "hu-worker-c43": 0.8107108821741221, "hu-worker-c29": 1.4043781663740074, "target": "realtime"}
{"iteration": 354, "hu-worker-c23": 0.8191440984338659, "hu-worker-c40": 1.0718095962106073, "hu-worker-c43": 0.8111420473247714, "hu-worker-c29": 1.40418761306531, "target": "realtime"}
{"iteration": 355, "hu-worker-c23": 0.8189147014275595, "hu-worker-c40": 1.0715119967781315, "hu-worker-c43": 0.810914574743103, "hu-worker-c29": 1.4053651773973037, "target": "realtime"}
{"iteration": 356, "hu-worker-c23": 0.8191100204870115, "hu-worker-c40": 1.0708276457493762, "hu-worker-c43": 0.8111082052388152, "hu-worker-c29": 1.4055923714154117, "target": "realtime"}
{"iteration": 357, "hu-worker-c23": 0.8188860935871815, "hu-worker-c40": 1.0709357289032777, "hu-worker-c43": 0.8111901593127809, "hu-worker-c29": 1.4056928074096215, "target": "realtime"}
{"iteration": 358, "hu-worker-c23": 0.818942968353035, "hu-worker-c40": 1.0710101096498006, "hu-worker-c43": 0.8110390087185118, "hu-worker-c29": 1.4057595038833774, "target": "realtime"}
{"iteration": 359, "hu-worker-c23": 0.8189165520583299, "hu-worker-c40": 1.071102622573221, "hu-worker-c43": 0.8110128175673805, "hu-worker-c29": 1.405728824283997, "target": "realtime"}
{"iteration": 360, "hu-worker-c23": 0.8190238967341659, "hu-worker-c40": 1.071243024460641, "hu-worker-c43": 0.8107277926720565, "hu-worker-c29": 1.4058544445891228, "target": "realtime"}
{"iteration": 361, "hu-worker-c23": 0.8190887206804839, "hu-worker-c40": 1.0712117121066482, "hu-worker-c43": 0.810704070294754, "hu-worker-c29": 1.4058254093545306, "target": "realtime"}
{"iteration": 362, "hu-worker-c23": 0.8190936548765422, "hu-worker-c40": 1.0712093309063144, "hu-worker-c43": 0.8107022663020998, "hu-worker-c29": 1.4058231939680697, "target": "realtime"}
{"iteration": 363, "hu-worker-c23": 0.8192929151250097, "hu-worker-c40": 1.0714699237490246, "hu-worker-c43": 0.8101752689597158, "hu-worker-c29": 1.4060534613634599, "target": "realtime"}
{"iteration": 364, "hu-worker-c23": 0.8194761278378824, "hu-worker-c40": 1.0717074317635609, "hu-worker-c43": 0.8103567023132053, "hu-worker-c29": 1.4051129052060225, "target": "realtime"}
{"iteration": 365, "hu-worker-c23": 0.8195604126429374, "hu-worker-c40": 1.0714135634650124, "hu-worker-c43": 0.8104401474514566, "hu-worker-c29": 1.4052090582694516, "target": "realtime"}
{"iteration": 366, "hu-worker-c23": 0.8195203340232841, "hu-worker-c40": 1.0713611684500166, "hu-worker-c43": 0.8105459166523966, "hu-worker-c29": 1.4051631197066348, "target": "realtime"}
{"iteration": 367, "hu-worker-c23": 0.8196803313542432, "hu-worker-c40": 1.0712834159886198, "hu-worker-c43": 0.8104870269938539, "hu-worker-c29": 1.4050928903885982, "target": "realtime"}
{"iteration": 368, "hu-worker-c23": 0.8196566837955626, "hu-worker-c40": 1.0712525096726406, "hu-worker-c43": 0.8105493148830509, "hu-worker-c29": 1.4050659843847337, "target": "realtime"}
{"iteration": 369, "hu-worker-c23": 0.8196273413282537, "hu-worker-c40": 1.0712668238290706, "hu-worker-c43": 0.8105601579721093, "hu-worker-c29": 1.4050787140194263, "target": "realtime"}
{"iteration": 370, "hu-worker-c23": 0.8196391575515318, "hu-worker-c40": 1.07128212972747, "hu-worker-c43": 0.8105718605808396, "hu-worker-c29": 1.405018097965219, "target": "realtime"}
{"iteration": 371, "hu-worker-c23": 0.8193575708648102, "hu-worker-c40": 1.0722627230335395, "hu-worker-c43": 0.8102930569435381, "hu-worker-c29": 1.404698773790202, "target": "realtime"}
{"iteration": 372, "hu-worker-c23": 0.8194718964559162, "hu-worker-c40": 1.0718652594681208, "hu-worker-c43": 0.8104062547379609, "hu-worker-c29": 1.4048273588151448, "target": "realtime"}
{"iteration": 373, "hu-worker-c23": 0.8194945860812216, "hu-worker-c40": 1.071854185350969, "hu-worker-c43": 0.8103978723014716, "hu-worker-c29": 1.404817507518178, "target": "realtime"}
{"iteration": 374, "hu-worker-c23": 0.8194351726549757, "hu-worker-c40": 1.0717771772021243, "hu-worker-c43": 0.8103390315941237, "hu-worker-c29": 1.4051223309784204, "target": "realtime"}
{"iteration": 375, "hu-worker-c23": 0.8193876745960251, "hu-worker-c40": 1.071715052139802, "hu-worker-c43": 0.8104639995896695, "hu-worker-c29": 1.405068554102759, "target": "realtime"}
{"iteration": 376, "hu-worker-c23": 0.81952172434974, "hu-worker-c40": 1.0718903824543478, "hu-worker-c43": 0.8101120594788773, "hu-worker-c29": 1.4052191446710978, "target": "realtime"}
{"iteration": 377, "hu-worker-c23": 0.8195375008563507, "hu-worker-c40": 1.0718826649079312, "hu-worker-c43": 0.8101062198918625, "hu-worker-c29": 1.4052123401613068, "target": "realtime"}
{"iteration": 378, "hu-worker-c23": 0.8195356593194759, "hu-worker-c40": 1.0718802563343377, "hu-worker-c43": 0.8101110551066671, "hu-worker-c29": 1.4052102681748544, "target": "realtime"}
{"iteration": 379, "hu-worker-c23": 0.8196099225595157, "hu-worker-c40": 1.0718438850982506, "hu-worker-c43": 0.8100835337561518, "hu-worker-c29": 1.4051783611560527, "target": "realtime"}
{"iteration": 380, "hu-worker-c23": 0.8194723014801898, "hu-worker-c40": 1.0723209741356328, "hu-worker-c43": 0.8099473440195114, "hu-worker-c29": 1.4050252687082194, "target": "realtime"}
{"iteration": 381, "hu-worker-c23": 0.8196191734651348, "hu-worker-c40": 1.0722488236781909, "hu-worker-c43": 0.8098927813983089, "hu-worker-c29": 1.4049626665345696, "target": "realtime"}
{"iteration": 382, "hu-worker-c23": 0.8196948179901743, "hu-worker-c40": 1.072347784235419, "hu-worker-c43": 0.809696112342042, "hu-worker-c29": 1.405044559474164, "target": "realtime"}
{"iteration": 383, "hu-worker-c23": 0.8195715796619771, "hu-worker-c40": 1.072188078240503, "hu-worker-c43": 0.809574189703497, "hu-worker-c29": 1.4056768168404505, "target": "realtime"}
{"iteration": 384, "hu-worker-c23": 0.8195429782523704, "hu-worker-c40": 1.0722870990506803, "hu-worker-c43": 0.8095459018580785, "hu-worker-c29": 1.4056451770467782, "target": "realtime"}
{"iteration": 385, "hu-worker-c23": 0.8194245611370049, "hu-worker-c40": 1.0726967505272644, "hu-worker-c43": 0.8094287817996793, "hu-worker-c29": 1.4055147729951765, "target": "realtime"}
{"iteration": 386, "hu-worker-c23": 0.8195245943180778, "hu-worker-c40": 1.0728277028621231, "hu-worker-c43": 0.8091693041230664, "hu-worker-c29": 1.4056222710677404, "target": "realtime"}
{"iteration": 387, "hu-worker-c23": 0.8193964228908676, "hu-worker-c40": 1.0728914812379189, "hu-worker-c43": 0.8092174719857739, "hu-worker-c29": 1.405674893861205, "target": "realtime"}
{"iteration": 388, "hu-worker-c23": 0.8193424607546181, "hu-worker-c40": 1.0728208247309947, "hu-worker-c43": 0.8093554835482041, "hu-worker-c29": 1.4056203288435114, "target": "realtime"}
{"iteration": 389, "hu-worker-c23": 0.819415173851454, "hu-worker-c40": 1.072916033199089, "hu-worker-c43": 0.8091674015302565, "hu-worker-c29": 1.4056975391907827, "target": "realtime"}
{"iteration": 390, "hu-worker-c23": 0.8194533817243501, "hu-worker-c40": 1.0729655823504645, "hu-worker-c43": 0.8092051906964182, "hu-worker-c29": 1.4055014467680982, "target": "realtime"}
{"iteration": 391, "hu-worker-c23": 0.8196773574634749, "hu-worker-c40": 1.0728530097776559, "hu-worker-c43": 0.8091201707129727, "hu-worker-c29": 1.4054124929928733, "target": "realtime"}
{"iteration": 392, "hu-worker-c23": 0.8197448342155957, "hu-worker-c40": 1.0728192044121336, "hu-worker-c43": 0.8090946400632988, "hu-worker-c29": 1.4053854343507222, "target": "realtime"}
{"iteration": 393, "hu-worker-c23": 0.8199902955942953, "hu-worker-c40": 1.0719838457232, "hu-worker-c43": 0.8093372533955943, "hu-worker-c29": 1.4056380841379055, "target": "realtime"}
{"iteration": 394, "hu-worker-c23": 0.8201533228162393, "hu-worker-c40": 1.0714332264270325, "hu-worker-c43": 0.8094983989183915, "hu-worker-c29": 1.4058009966941423, "target": "realtime"}
{"iteration": 395, "hu-worker-c23": 0.8201388482810631, "hu-worker-c40": 1.0714145009323894, "hu-worker-c43": 0.8094840897022985, "hu-worker-c29": 1.4058752287909977, "target": "realtime"}
{"iteration": 396, "hu-worker-c23": 0.8208917704592078, "hu-worker-c40": 1.072214427382585, "hu-worker-c43": 0.8096828499810781, "hu-worker-c29": 1.403193327935973, "target": "realtime"}
{"iteration": 397, "hu-worker-c23": 0.8208917704592078, "hu-worker-c40": 1.072214427382585, "hu-worker-c43": 0.8096828499810781, "hu-worker-c29": 1.403193327935973, "target": "realtime"}
{"iteration": 398, "hu-worker-c23": 0.8208917704592078, "hu-worker-c40": 1.072214427382585, "hu-worker-c43": 0.8096828499810781, "hu-worker-c29": 1.403193327935973, "target": "realtime"}
