{"iteration": 35, "task_blastall": 2, "task_split_fasta": 0, "target": "realtime"}
{"iteration": 36, "task_blastall": 2, "task_split_fasta": 0, "target": "realtime"}
{"iteration": 37, "task_blastall": 2, "task_split_fasta": 0, "target": "realtime"}
{"iteration": 38, "task_blastall": 2, "task_split_fasta": 0, "target": "realtime"}
{"iteration": 39, "task_blastall": 2, "task_split_fasta": 0, "target": "realtime"}
{"iteration": 40, "task_blastall": 2, "task_split_fasta": 0, "target": "realtime"}
{"iteration": 41, "task_blastall": 2, "task_split_fasta": 0, "target": "realtime"}
{"iteration": 42, "task_blastall": 2, "task_split_fasta": 0, "target": "realtime"}
{"iteration": 43, "task_blastall": 2, "task_split_fasta": 0, "target": "realtime"}
{"iteration": 44, "task_blastall": 2, "task_split_fasta": 0, "target": "realtime"}
{"iteration": 45, "task_blastall": 2, "task_split_fasta": 0, "target": "realtime"}
{"iteration": 46, "task_blastall": 2, "task_split_fasta": 0, "target": "realtime"}
{"iteration": 47, "task_blastall": 2, "task_split_fasta": 0, "target": "realtime"}
{"iteration": 48, "task_blastall": 2, "task_split_fasta": 0, "target": "realtime"}
{"iteration": 49, "task_blastall": 2, "task_split_fasta": 0, "target": "realtime"}
{"iteration": 50, "task_blastall": 2, "task_split_fasta": 0, "target": "realtime"}
{"iteration": 51, "task_blastall": 2, "task_split_fasta": 0, "target": "realtime"}
{"iteration": 52, "task_blastall": 2, "task_split_fasta": 0, "target": "realtime"}
{"iteration": 53, "task_blastall": 2, "task_split_fasta": 0, "target": "realtime"}
{"iteration": 54, "task_blastall": 2, "task_split_fasta": 0, "target": "realtime"}
{"iteration": 55, "task_blastall": 2, "task_split_fasta": 0, "target": "realtime"}
{"iteration": 56, "task_blastall": 2, "task_split_fasta": 0, "target": "realtime"}
{"iteration": 57, "task_blastall": 2, "task_split_fasta": 0, "target": "realtime"}
{"iteration": 58, "task_blastall": 2, "task_split_fasta": 0, "target": "realtime"}
{"iteration": 59, "task_blastall": 2, "task_split_fasta": 0, "target": "realtime"}
{"iteration": 60, "task_blastall": 2, "task_split_fasta": 0, "target": "realtime"}
{"iteration": 61, "task_blastall": 2, "task_split_fasta": 0, "target": "realtime"}
{"iteration": 62, "task_blastall": 2, "task_split_fasta": 0, "target": "realtime"}
{"iteration": 63, "task_blastall": 2, "task_split_fasta": 0, "target": "realtime"}
{"iteration": 64, "task_blastall": 2, "task_split_fasta": 0, "target": "realtime"}
{"iteration": 65, "task_blastall": 2, "task_split_fasta": 0, "target": "realtime"}
{"iteration": 66, "task_blastall": 2, "task_split_fasta": 0, "target": "realtime"}
{"iteration": 67, "task_blastall": 2, "task_split_fasta": 0, "target": "realtime"}
{"iteration": 68, "task_blastall": 2, "task_split_fasta": 0, "target": "realtime"}
{"iteration": 69, "task_blastall": 2, "task_split_fasta": 0, "target": "realtime"}
{"iteration": 70, "task_blastall": 2, "task_split_fasta": 0, "target": "realtime"}
{"iteration": 71, "task_blastall": 2, "task_split_fasta": 0, "target": "realtime"}
{"iteration": 72, "task_blastall": 2, "task_split_fasta": 0, "target": "realtime"}
{"iteration": 73, "task_blastall": 2, "task_split_fasta": 0, "target": "realtime"}
{"iteration": 74, "task_blastall": 2, "task_split_fasta": 0, "target": "realtime"}
{"iteration": 75, "task_blastall": 2, "task_split_fasta": 0, "target": "realtime"}
{"iteration": 76, "task_blastall": 2, "task_split_fasta": 0, "target": "realtime"}
{"iteration": 77, "task_blastall": 2, "task_split_fasta": 0, "target": "realtime"}
{"iteration": 78, "task_blastall": 2, "task_split_fasta": 0, "target": "realtime"}
{"iteration": 79, "task_blastall": 2, "task_split_fasta": 0, "target": "realtime"}
{"iteration": 80, "task_blastall": 2, "task_split_fasta": 0, "target": "realtime"}
{"iteration": 81, "task_blastall": 2, "task_split_fasta": 0, "target": "realtime"}
{"iteration": 82, "task_blastall": 2, "task_split_fasta": 0, "target": "realtime"}
{"iteration": 83, "task_blastall": 2, "task_split_fasta": 0, "target": "realtime"}
{"iteration": 84, "task_blastall": 2, "task_split_fasta": 0, "target": "realtime"}
{"iteration": 85, "task_blastall": 2, "task_split_fasta": 0, "target": "realtime"}
{"iteration": 86, "task_blastall": 2, "task_split_fasta": 0, "target": "realtime"}
{"iteration": 87, "task_blastall": 2, "task_split_fasta": 0, "target": "realtime"}
{"iteration": 88, "task_blastall": 2, "task_split_fasta": 0, "target": "realtime"}
{"iteration": 89, "task_blastall": 2, "task_split_fasta": 0, "target": "realtime"}
{"iteration": 90, "task_blastall": 2, "task_split_fasta": 0, "target": "realtime"}
{"iteration": 91, "task_blastall": 2, "task_split_fasta": 0, "target": "realtime"}
{"iteration": 92, "task_blastall": 2, "task_split_fasta": 0, "target": "realtime"}
{"iteration": 93, "task_blastall": 2, "task_split_fasta": 0, "target": "realtime"}
{"iteration": 94, "task_blastall": 2, "task_split_fasta": 0, "target": "realtime"}
{"iteration": 95, "task_blastall": 2, "task_split_fasta": 0, "target": "realtime"}
{"iteration": 96, "task_blastall": 2, "task_split_fasta": 0, "target": "realtime"}
{"iteration": 97, "task_blastall": 2, "task_split_fasta": 0, "target": "realtime"}
{"iteration": 98, "task_blastall": 2, "task_split_fasta": 0, "target": "realtime"}
{"iteration": 99, "task_blastall": 2, "task_split_fasta": 0, "target": "realtime"}
{"iteration": 100, "task_blastall": 2, "task_split_fasta": 0, "target": "realtime"}
{"iteration": 101, "task_blastall": 2, "task_split_fasta": 0, "target": "realtime"}
{"iteration": 102, "task_blastall": 2, "task_split_fasta": 0, "target": "realtime"}
{"iteration": 103, "task_blastall": 2, "task_split_fasta": 0, "target": "realtime"}
{"iteration": 104, "task_blastall": 2, "task_split_fasta": 0, "target": "realtime"}
{"iteration": 105, "task_blastall": 2, "task_split_fasta": 0, "target": "realtime"}
{"iteration": 106, "task_blastall": 2, "task_split_fasta": 0, "target": "realtime"}
{"iteration": 107, "task_blastall": 2, "task_split_fasta": 0, "target": "realtime"}
{"iteration": 108, "task_blastall": 2, "task_split_fasta": 0, "target": "realtime"}
{"iteration": 109, "task_blastall": 2, "task_split_fasta": 0, "target": "realtime"}
{"iteration": 110, "task_blastall": 2, "task_split_fasta": 0, "target": "realtime"}
{"iteration": 111, "task_blastall": 2, "task_split_fasta": 0, "target": "realtime"}
{"iteration": 112, "task_blastall": 2, "task_split_fasta": 0, "target": "realtime"}
{"iteration": 113, "task_blastall": 2, "task_split_fasta": 0, "target": "realtime"}
{"iteration": 114, "task_blastall": 2, "task_split_fasta": 0, "target": "realtime"}
{"iteration": 115, "task_blastall": 2, "task_split_fasta": 0, "target": "realtime"}
{"iteration": 116, "task_blastall": 2, "task_split_fasta": 0, "target": "realtime"}
{"iteration": 117, "task_blastall": 2, "task_split_fasta": 0, "target": "realtime"}
{"iteration": 118, "task_blastall": 2, "task_split_fasta": 0, "target": "realtime"}
{"iteration": 119, "task_blastall": 2, "task_split_fasta": 0, "target": "realtime"}
{"iteration": 120, "task_blastall": 2, "task_split_fasta": 0, "target": "realtime"}
{"iteration": 121, "task_blastall": 2, "task_split_fasta": 0, "target": "realtime"}
{"iteration": 122, "task_blastall": 2, "task_split_fasta": 0, "target": "realtime"}
{"iteration": 123, "task_blastall": 2, "task_split_fasta": 0, "target": "realtime"}
{"iteration": 124, "task_blastall": 2, "task_split_fasta": 0, "target": "realtime"}
{"iteration": 125, "task_blastall": 2, "task_split_fasta": 0, "target": "realtime"}
{"iteration": 126, "task_blastall": 2, "task_split_fasta": 0, "target": "realtime"}
{"iteration": 127, "task_blastall": 2, "task_split_fasta": 0, "target": "realtime"}
{"iteration": 128, "task_blastall": 2, "task_split_fasta": 0, "target": "realtime"}
{"iteration": 129, "task_blastall": 2, "task_split_fasta": 0, "target": "realtime"}
{"iteration": 130, "task_blastall": 2, "task_split_fasta": 0, "target": "realtime"}
{"iteration": 131, "task_blastall": 2, "task_split_fasta": 0, "target": "realtime"}
{"iteration": 132, "task_blastall": 2, "task_split_fasta": 0, "target": "realtime"}
{"iteration": 133, "task_blastall": 2, "task_split_fasta": 0, "target": "realtime"}
{"iteration": 134, "task_blastall": 2, "task_split_fasta": 0, "target": "realtime"}
{"iteration": 135, "task_blastall": 2, "task_split_fasta": 0, "target": "realtime"}
{"iteration": 136, "task_blastall": 2, "task_split_fasta": 0, "target": "realtime"}
{"iteration": 137, "task_blastall": 2, "task_split_fasta": 0, "target": "realtime"}
{"iteration": 138, "task_blastall": 2, "task_split_fasta": 0, "target": "realtime"}
{"iteration": 139, "task_blastall": 2, "task_split_fasta": 0, "target": "realtime"}
{"iteration": 140, "task_blastall": 2, "task_split_fasta": 0, "target": "realtime"}
{"iteration": 141, "task_blastall": 2, "task_split_fasta": 0, "target": "realtime"}
{"iteration": 142, "task_blastall": 2, "task_split_fasta": 0, "target": "realtime"}
{"iteration": 143, "task_blastall": 2, "task_split_fasta": 0, "target": "realtime"}
{"iteration": 144, "task_blastall": 2, "task_split_fasta": 0, "target": "realtime"}
{"iteration": 145, "task_blastall": 2, "task_split_fasta": 0, "target": "realtime"}
{"iteration": 146, "task_blastall": 2, "task_split_fasta": 0, "target": "realtime"}
{"iteration": 147, "task_blastall": 2, "task_split_fasta": 0, "target": "realtime"}
{"iteration": 148, "task_blastall": 2, "task_split_fasta": 0, "target": "realtime"}
{"iteration": 149, "task_blastall": 2, "task_split_fasta": 0, "target": "realtime"}
{"iteration": 150, "task_blastall": 2, "task_split_fasta": 0, "target": "realtime"}
{"iteration": 151, "task_blastall": 2, "task_split_fasta": 0, "target": "realtime"}
{"iteration": 152, "task_blastall": 2, "task_split_fasta": 0, "target": "realtime"}
{"iteration": 153, "task_blastall": 2, "task_split_fasta": 0, "target": "realtime"}
{"iteration": 154, "task_blastall": 2, "task_split_fasta": 0, "target": "realtime"}
{"iteration": 155, "task_blastall": 2, "task_split_fasta": 0, "target": "realtime"}
{"iteration": 156, "task_blastall": 2, "task_split_fasta": 0, "target": "realtime"}
{"iteration": 157, "task_blastall": 2, "task_split_fasta": 0, "target": "realtime"}
{"iteration": 158, "task_blastall": 2, "task_split_fasta": 0, "target": "realtime"}
{"iteration": 159, "task_blastall": 2, "task_split_fasta": 0, "target": "realtime"}
{"iteration": 160, "task_blastall": 2, "task_split_fasta": 0, "target": "realtime"}
{"iteration": 161, "task_blastall": 2, "task_split_fasta": 0, "target": "realtime"}
{"iteration": 162, "task_blastall": 2, "task_split_fasta": 0, "target": "realtime"}
{"iteration": 163, "task_blastall": 2, "task_split_fasta": 0, "target": "realtime"}
{"iteration": 164, "task_blastall": 2, "task_split_fasta": 0, "target": "realtime"}
{"iteration": 165, "task_blastall": 2, "task_split_fasta": 0, "target": "realtime"}
{"iteration": 166, "task_blastall": 2, "task_split_fasta": 0, "target": "realtime"}
{"iteration": 167, "task_blastall": 2, "task_split_fasta": 0, "target": "realtime"}
{"iteration": 168, "task_blastall": 2, "task_split_fasta": 0, "target": "realtime"}
{"iteration": 169, "task_blastall": 2, "task_split_fasta": 0, "target": "realtime"}
{"iteration": 170, "task_blastall": 2, "task_split_fasta": 0, "target": "realtime"}
{"iteration": 171, "task_blastall": 2, "task_split_fasta": 0, "target": "realtime"}
{"iteration": 172, "task_blastall": 2, "task_split_fasta": 0, "target": "realtime"}
{"iteration": 173, "task_blastall": 2, "task_split_fasta": 0, "target": "realtime"}
{"iteration": 174, "task_blastall": 2, "task_split_fasta": 0, "target": "realtime"}
{"iteration": 175, "task_blastall": 2, "task_split_fasta": 0, "target": "realtime"}
{"iteration": 176, "task_blastall": 2, "task_split_fasta": 0, "target": "realtime"}
{"iteration": 177, "task_blastall": 2, "task_split_fasta": 0, "target": "realtime"}
{"iteration": 178, "task_blastall": 2, "task_split_fasta": 0, "target": "realtime"}
{"iteration": 179, "task_blastall": 2, "task_split_fasta": 0, "target": "realtime"}
{"iteration": 180, "task_blastall": 2, "task_split_fasta": 0, "target": "realtime"}
{"iteration": 181, "task_blastall": 2, "task_split_fasta": 0, "target": "realtime"}
{"iteration": 182, "task_blastall": 2, "task_split_fasta": 0, "target": "realtime"}
{"iteration": 183, "task_blastall": 2, "task_split_fasta": 0, "target": "realtime"}
{"iteration": 184, "task_blastall": 2, "task_split_fasta": 0, "target": "realtime"}
{"iteration": 185, "task_blastall": 2, "task_split_fasta": 0, "target": "realtime"}
{"iteration": 186, "task_blastall": 2, "task_split_fasta": 0, "target": "realtime"}
{"iteration": 187, "task_blastall": 2, "task_split_fasta": 0, "target": "realtime"}
{"iteration": 188, "task_blastall": 2, "task_split_fasta": 0, "target": "realtime"}
{"iteration": 189, "task_blastall": 2, "task_split_fasta": 0, "target": "realtime"}
{"iteration": 190, "task_blastall": 2, "task_split_fasta": 0, "target": "realtime"}
{"iteration": 191, "task_blastall": 2, "task_split_fasta": 0, "target": "realtime"}
{"iteration": 192, "task_blastall": 2, "task_split_fasta": 0, "target": "realtime"}
{"iteration": 193, "task_blastall": 2, "task_split_fasta": 0, "target": "realtime"}
{"iteration": 194, "task_blastall": 2, "task_split_fasta": 0, "target": "realtime"}
{"iteration": 195, "task_blastall": 2, "task_split_fasta": 0, "target": "realtime"}
{"iteration": 196, "task_blastall": 2, "task_split_fasta": 0, "target": "realtime"}
{"iteration": 197, "task_blastall": 2, "task_split_fasta": 0, "target": "realtime"}
{"iteration": 198, "task_blastall": 2, "task_split_fasta": 0, "target": "realtime"}
{"iteration": 199, "task_blastall": 2, "task_split_fasta": 0, "target": "realtime"}
{"iteration": 200, "task_blastall": 2, "task_split_fasta": 0, "target": "realtime"}
{"iteration": 201, "task_blastall": 2, "task_split_fasta": 0, "target": "realtime"}
{"iteration": 202, "task_blastall": 2, "task_split_fasta": 0, "target": "realtime"}
{"iteration": 203, "task_blastall": 2, "task_split_fasta": 0, "target": "realtime"}
{"iteration": 204, "task_blastall": 2, "task_split_fasta": 0, "target": "realtime"}
{"iteration": 205, "task_blastall": 2, "task_split_fasta": 0, "target": "realtime"}
{"iteration": 206, "task_blastall": 2, "task_split_fasta": 0, "target": "realtime"}
{"iteration": 207, "task_blastall": 2, "task_split_fasta": 0, "target": "realtime"}
{"iteration": 208, "task_blastall": 2, "task_split_fasta": 0, "target": "realtime"}
{"iteration": 209, "task_blastall": 2, "task_split_fasta": 0, "target": "realtime"}
{"iteration": 210, "task_blastall": 2, "task_split_fasta": 0, "target": "realtime"}
{"iteration": 211, "task_blastall": 2, "task_split_fasta": 0, "target": "realtime"}
{"iteration": 212, "task_blastall": 2, "task_split_fasta": 0, "target": "realtime"}
{"iteration": 213, "task_blastall": 2, "task_split_fasta": 0, "target": "realtime"}
{"iteration": 214, "task_blastall": 2, "task_split_fasta": 0, "target": "realtime"}
{"iteration": 215, "task_blastall": 2, "task_split_fasta": 0, "target": "realtime"}
{"iteration": 216, "task_blastall": 2, "task_split_fasta": 0, "target": "realtime"}
{"iteration": 217, "task_blastall": 2, "task_split_fasta": 0, "target": "realtime"}
{"iteration": 218, "task_blastall": 2, "task_split_fasta": 0, "target": "realtime"}
{"iteration": 219, "task_blastall": 2, "task_split_fasta": 0, "target": "realtime"}
{"iteration": 220, "task_blastall": 2, "task_split_fasta": 0, "target": "realtime"}
{"iteration": 221, "task_blastall": 2, "task_split_fasta": 0, "target": "realtime"}
{"iteration": 222, "task_blastall": 2, "task_split_fasta": 0, "target": "realtime"}
{"iteration": 223, "task_blastall": 2, "task_split_fasta": 0, "target": "realtime"}
{"iteration": 224, "task_blastall": 2, "task_split_fasta": 0, "target": "realtime"}
{"iteration": 225, "task_blastall": 2, "task_split_fasta": 0, "target": "realtime"}
{"iteration": 226, "task_blastall": 2, "task_split_fasta": 0, "target": "realtime"}
{"iteration": 227, "task_blastall": 2, "task_split_fasta": 0, "target": "realtime"}
{"iteration": 228, "task_blastall": 2, "task_split_fasta": 0, "target": "realtime"}
{"iteration": 229, "task_blastall": 2, "task_split_fasta": 0, "target": "realtime"}
{"iteration": 230, "task_blastall": 2, "task_split_fasta": 0, "target": "realtime"}
{"iteration": 231, "task_blastall": 2, "task_split_fasta": 0, "target": "realtime"}
{"iteration": 232, "task_blastall": 2, "task_split_fasta": 0, "target": "realtime"}
{"iteration": 233, "task_blastall": 2, "task_split_fasta": 0, "target": "realtime"}
{"iteration": 234, "task_blastall": 2, "task_split_fasta": 0, "target": "realtime"}
{"iteration": 235, "task_blastall": 2, "task_split_fasta": 0, "target": "realtime"}
{"iteration": 236, "task_blastall": 2, "task_split_fasta": 0, "target": "realtime"}
{"iteration": 237, "task_blastall": 2, "task_split_fasta": 0, "target": "realtime"}
{"iteration": 238, "task_blastall": 2, "task_split_fasta": 0, "target": "realtime"}
{"iteration": 239, "task_blastall": 2, "task_split_fasta": 0, "target": "realtime"}
{"iteration": 240, "task_blastall": 2, "task_split_fasta": 0, "target": "realtime"}
{"iteration": 241, "task_blastall": 2, "task_split_fasta": 0, "target": "realtime"}
{"iteration": 242, "task_blastall": 2, "task_split_fasta": 0, "target": "realtime"}
{"iteration": 243, "task_blastall": 2, "task_split_fasta": 0, "target": "realtime"}
{"iteration": 244, "task_blastall": 2, "task_split_fasta": 0, "target": "realtime"}
{"iteration": 245, "task_blastall": 2, "task_split_fasta": 0, "target": "realtime"}
{"iteration": 246, "task_blastall": 2, "task_split_fasta": 0, "target": "realtime"}
{"iteration": 247, "task_blastall": 2, "task_split_fasta": 0, "target": "realtime"}
{"iteration": 248, "task_blastall": 2, "task_split_fasta": 0, "target": "realtime"}
{"iteration": 249, "task_blastall": 2, "task_split_fasta": 0, "target": "realtime"}
{"iteration": 250, "task_blastall": 2, "task_split_fasta": 0, "target": "realtime"}
{"iteration": 251, "task_blastall": 2, "task_split_fasta": 0, "target": "realtime"}
{"iteration": 252, "task_blastall": 2, "task_split_fasta": 0, "target": "realtime"}
{"iteration": 253, "task_blastall": 2, "task_split_fasta": 0, "target": "realtime"}
{"iteration": 254, "task_blastall": 2, "task_split_fasta": 0, "target": "realtime"}
{"iteration": 255, "task_blastall": 2, "task_split_fasta": 0, "target": "realtime"}
{"iteration": 256, "task_blastall": 2, "task_split_fasta": 0, "target": "realtime"}
{"iteration": 257, "task_blastall": 2, "task_split_fasta": 0, "target": "realtime"}
{"iteration": 258, "task_blastall": 2, "task_split_fasta": 0, "target": "realtime"}
{"iteration": 259, "task_blastall": 2, "task_split_fasta": 0, "target": "realtime"}
{"iteration": 260, "task_blastall": 2, "task_split_fasta": 0, "target": "realtime"}
{"iteration": 261, "task_blastall": 2, "task_split_fasta": 0, "target": "realtime"}
{"iteration": 262, "task_blastall": 2, "task_split_fasta": 0, "target": "realtime"}
{"iteration": 263, "task_blastall": 2, "task_split_fasta": 0, "target": "realtime"}
{"iteration": 264, "task_blastall": 2, "task_split_fasta": 0, "target": "realtime"}
{"iteration": 265, "task_blastall": 2, "task_split_fasta": 0, "target": "realtime"}
{"iteration": 266, "task_blastall": 2, "task_split_fasta": 0, "target": "realtime"}
{"iteration": 267, "task_blastall": 2, "task_split_fasta": 0, "target": "realtime"}
{"iteration": 268, "task_blastall": 2, "task_split_fasta": 0, "target": "realtime"}
{"iteration": 269, "task_blastall": 2, "task_split_fasta": 0, "target": "realtime"}
{"iteration": 270, "task_blastall": 2, "task_split_fasta": 0, "target": "realtime"}
{"iteration": 271, "task_blastall": 2, "task_split_fasta": 0, "target": "realtime"}
{"iteration": 272, "task_blastall": 2, "task_split_fasta": 0, "target": "realtime"}
{"iteration": 273, "task_blastall": 2, "task_split_fasta": 0, "target": "realtime"}
{"iteration": 274, "task_blastall": 2, "task_split_fasta": 0, "target": "realtime"}
{"iteration": 275, "task_blastall": 2, "task_split_fasta": 0, "target": "realtime"}
{"iteration": 276, "task_blastall": 2, "task_split_fasta": 0, "target": "realtime"}
{"iteration": 277, "task_blastall": 2, "task_split_fasta": 0, "target": "realtime"}
{"iteration": 278, "task_blastall": 2, "task_split_fasta": 0, "target": "realtime"}
{"iteration": 279, "task_blastall": 2, "task_split_fasta": 0, "target": "realtime"}
{"iteration": 280, "task_blastall": 2, "task_split_fasta": 0, "target": "realtime"}
{"iteration": 281, "task_blastall": 2, "task_split_fasta": 0, "target": "realtime"}
{"iteration": 282, "task_blastall": 2, "task_split_fasta": 0, "target": "realtime"}
{"iteration": 283, "task_blastall": 2, "task_split_fasta": 0, "target": "realtime"}
{"iteration": 284, "task_blastall": 2, "task_split_fasta": 0, "target": "realtime"}
{"iteration": 285, "task_blastall": 2, "task_split_fasta": 0, "target": "realtime"}
{"iteration": 286, "task_blastall": 2, "task_split_fasta": 0, "target": "realtime"}
{"iteration": 287, "task_blastall": 2, "task_split_fasta": 0, "target": "realtime"}
{"iteration": 288, "task_blastall": 2, "task_split_fasta": 0, "target": "realtime"}
{"iteration": 289, "task_blastall": 2, "task_split_fasta": 0, "target": "realtime"}
{"iteration": 290, "task_blastall": 2, "task_split_fasta": 0, "target": "realtime"}
{"iteration": 291, "task_blastall": 2, "task_split_fasta": 0, "target": "realtime"}
{"iteration": 292, "task_blastall": 2, "task_split_fasta": 0, "target": "realtime"}
{"iteration": 293, "task_blastall": 2, "task_split_fasta": 0, "target": "realtime"}
{"iteration": 294, "task_blastall": 2, "task_split_fasta": 0, "target": "realtime"}
{"iteration": 295, "task_blastall": 2, "task_split_fasta": 0, "target": "realtime"}
{"iteration": 296, "task_blastall": 2, "task_split_fasta": 0, "target": "realtime"}
{"iteration": 297, "task_blastall": 2, "task_split_fasta": 0, "target": "realtime"}
{"iteration": 298, "task_blastall": 2, "task_split_fasta": 0, "target": "realtime"}
{"iteration": 299, "task_blastall": 2, "task_split_fasta": 0, "target": "realtime"}
{"iteration": 300, "task_blastall": 2, "task_split_fasta": 0, "target": "realtime"}
{"iteration": 301, "task_blastall": 2, "task_split_fasta": 0, "target": "realtime"}
{"iteration": 302, "task_blastall": 2, "task_split_fasta": 0, "target": "realtime"}
{"iteration": 303, "task_blastall": 2, "task_split_fasta": 0, "target": "realtime"}
{"iteration": 304, "task_blastall": 2, "task_split_fasta": 0, "target": "realtime"}
{"iteration": 305, "task_blastall": 2, "task_split_fasta": 0, "target": "realtime"}
{"iteration": 306, "task_blastall": 2, "task_split_fasta": 0, "target": "realtime"}
{"iteration": 307, "task_blastall": 2, "task_split_fasta": 0, "target": "realtime"}
{"iteration": 308, "task_blastall": 2, "task_split_fasta": 0, "target": "realtime"}
{"iteration": 309, "task_blastall": 2, "task_split_fasta": 0, "target": "realtime"}
{"iteration": 310, "task_blastall": 2, "task_split_fasta": 0, "target": "realtime"}
{"iteration": 311, "task_blastall": 2, "task_split_fasta": 0, "target": "realtime"}
{"iteration": 312, "task_blastall": 2, "task_split_fasta": 0, "target": "realtime"}
{"iteration": 313, "task_blastall": 2, "task_split_fasta": 0, "target": "realtime"}
{"iteration": 314, "task_blastall": 2, "task_split_fasta": 0, "target": "realtime"}
{"iteration": 315, "task_blastall": 2, "task_split_fasta": 0, "target": "realtime"}
{"iteration": 316, "task_blastall": 2, "task_split_fasta": 0, "target": "realtime"}
{"iteration": 317, "task_blastall": 2, "task_split_fasta": 0, "target": "realtime"}
{"iteration": 318, "task_blastall": 2, "task_split_fasta": 0, "target": "realtime"}
{"iteration": 319, "task_blastall": 2, "task_split_fasta": 0, "target": "realtime"}
{"iteration": 320, "task_blastall": 2, "task_split_fasta": 0, "target": "realtime"}
{"iteration": 321, "task_blastall": 2, "task_split_fasta": 0, "target": "realtime"}
{"iteration": 322, "task_blastall": 2, "task_split_fasta": 0, "target": "realtime"}
{"iteration": 323, "task_blastall": 2, "task_split_fasta": 0, "target": "realtime"}
{"iteration": 324, "task_blastall": 2, "task_split_fasta": 0, "target": "realtime"}
{"iteration": 325, "task_blastall": 2, "task_split_fasta": 0, "target": "realtime"}
{"iteration": 326, "task_blastall": 2, "task_split_fasta": 0, "target": "realtime"}
{"iteration": 327, "task_blastall": 2, "task_split_fasta": 0, "target": "realtime"}
{"iteration": 328, "task_blastall": 2, "task_split_fasta": 0, "target": "realtime"}
{"iteration": 329, "task_blastall": 2, "task_split_fasta": 0, "target": "realtime"}
{"iteration": 330, "task_blastall": 2, "task_split_fasta": 0, "target": "realtime"}
{"iteration": 331, "task_blastall": 2, "task_split_fasta": 0, "target": "realtime"}
{"iteration": 332, "task_blastall": 2, "task_split_fasta": 0, "target": "realtime"}
{"iteration": 333, "task_blastall": 2, "task_split_fasta": 0, "target": "realtime"}
{"iteration": 334, "task_blastall": 2, "task_split_fasta": 0, "target": "realtime"}
{"iteration": 335, "task_blastall": 2, "task_split_fasta": 0, "target": "realtime"}
{"iteration": 336, "task_blastall": 2, "task_split_fasta": 0, "target": "realtime"}
{"iteration": 337, "task_blastall": 2, "task_split_fasta": 0, "target": "realtime"}
{"iteration": 338, "task_blastall": 2, "task_split_fasta": 0, "target": "realtime"}
{"iteration": 339, "task_blastall": 2, "task_split_fasta": 0, "target": "realtime"}
{"iteration": 340, "task_blastall": 2, "task_split_fasta": 0, "target": "realtime"}
{"iteration": 341, "task_blastall": 2, "task_split_fasta": 0, "target": "realtime"}
{"iteration": 342, "task_blastall": 2, "task_split_fasta": 0, "target": "realtime"}
{"iteration": 343, "task_blastall": 2, "task_split_fasta": 0, "target": "realtime"}
{"iteration": 344, "task_blastall": 2, "task_split_fasta": 0, "target": "realtime"}
{"iteration": 345, "task_blastall": 2, "task_split_fasta": 0, "target": "realtime"}
{"iteration": 346, "task_blastall": 2, "task_split_fasta": 0, "target": "realtime"}
{"iteration": 347, "task_blastall": 2, "task_split_fasta": 0, "target": "realtime"}
{"iteration": 348, "task_blastall": 2, "task_split_fasta": 0, "target": "realtime"}
{"iteration": 349, "task_blastall": 2, "task_split_fasta": 0, "target": "realtime"}
{"iteration": 350, "task_blastall": 2, "task_split_fasta": 0, "target": "realtime"}
{"iteration": 351, "task_blastall": 2, "task_split_fasta": 0, "target": "realtime"}
{"iteration": 352, "task_blastall": 2, "task_split_fasta": 0, "target": "realtime"}
{"iteration": 353, "task_blastall": 2, "task_split_fasta": 0, "target": "realtime"}
{"iteration": 354, "task_blastall": 2, "task_split_fasta": 0, "target": "realtime"}
{"iteration": 355, "task_blastall": 2, "task_split_fasta": 0, "target": "realtime"}
{"iteration": 356, "task_blastall": 2, "task_split_fasta": 0, "target": "realtime"}
{"iteration": 357, "task_blastall": 2, "task_split_fasta": 0, "target": "realtime"}
{"iteration": 358, "task_blastall": 2, "task_split_fasta": 0, "target": "realtime"}
{"iteration": 359, "task_blastall": 2, "task_split_fasta": 0, "target": "realtime"}
{"iteration": 360, "task_blastall": 2, "task_split_fasta": 0, "target": "realtime"}
{"iteration": 361, "task_blastall": 2, "task_split_fasta": 0, "target": "realtime"}
{"iteration": 362, "task_blastall": 2, "task_split_fasta": 0, "target": "realtime"}
{"iteration": 363, "task_blastall": 2, "task_split_fasta": 0, "target": "realtime"}
{"iteration": 364, "task_blastall": 2, "task_split_fasta": 0, "target": "realtime"}
{"iteration": 365, "task_blastall": 2, "task_split_fasta": 0, "target": "realtime"}
{"iteration": 366, "task_blastall": 2, "task_split_fasta": 0, "target": "realtime"}
{"iteration": 367, "task_blastall": 2, "task_split_fasta": 0, "target": "realtime"}
{"iteration": 368, "task_blastall": 2, "task_split_fasta": 0, "target": "realtime"}
{"iteration": 369, "task_blastall": 2, "task_split_fasta": 0, "target": "realtime"}
{"iteration": 370, "task_blastall": 2, "task_split_fasta": 0, "target": "realtime"}
{"iteration": 371, "task_blastall": 2, "task_split_fasta": 0, "target": "realtime"}
{"iteration": 372, "task_blastall": 2, "task_split_fasta": 0, "target": "realtime"}
{"iteration": 373, "task_blastall": 2, "task_split_fasta": 0, "target": "realtime"}
{"iteration": 374, "task_blastall": 2, "task_split_fasta": 0, "target": "realtime"}
{"iteration": 375, "task_blastall": 2, "task_split_fasta": 0, "target": "realtime"}
{"iteration": 376, "task_blastall": 2, "task_split_fasta": 0, "target": "realtime"}
{"iteration": 377, "task_blastall": 2, "task_split_fasta": 0, "target": "realtime"}
{"iteration": 378, "task_blastall": 2, "task_split_fasta": 0, "target": "realtime"}
{"iteration": 379, "task_blastall": 2, "task_split_fasta": 0, "target": "realtime"}
{"iteration": 380, "task_blastall": 2, "task_split_fasta": 0, "target": "realtime"}
{"iteration": 381, "task_blastall": 2, "task_split_fasta": 0, "target": "realtime"}
{"iteration": 382, "task_blastall": 2, "task_split_fasta": 0, "target": "realtime"}
{"iteration": 383, "task_blastall": 2, "task_split_fasta": 0, "target": "realtime"}
{"iteration": 384, "task_blastall": 2, "task_split_fasta": 0, "target": "realtime"}
{"iteration": 385, "task_blastall": 2, "task_split_fasta": 0, "target": "realtime"}
{"iteration": 386, "task_blastall": 2, "task_split_fasta": 0, "target": "realtime"}
{"iteration": 387, "task_blastall": 2, "task_split_fasta": 0, "target": "realtime"}
{"iteration": 388, "task_blastall": 2, "task_split_fasta": 0, "target": "realtime"}
{"iteration": 389, "task_blastall": 2, "task_split_fasta": 0, "target": "realtime"}
{"iteration": 390, "task_blastall": 2, "task_split_fasta": 0, "target": "realtime"}
{"iteration": 391, "task_blastall": 2, "task_split_fasta": 0, "target": "realtime"}
{"iteration": 392, "task_blastall": 2, "task_split_fasta": 0, "target": "realtime"}
{"iteration": 393, "task_blastall": 2, "task_split_fasta": 0, "target": "realtime"}
{"iteration": 394, "task_blastall": 2, "task_split_fasta": 0, "target": "realtime"}
{"iteration": 395, "task_blastall": 2, "task_split_fasta": 0, "target": "realtime"}
{"iteration": 396, "task_blastall": 2, "task_split_fasta": 0, "target": "realtime"}
{"iteration": 397, "task_blastall": 2, "task_split_fasta": 0, "task_cat": 2, "target": "realtime"}
{"iteration": 398, "task_blastall": 2, "task_split_fasta": 0, "task_cat_blast": 2, "task_cat": 2, "target": "realtime"}
