{"iteration": 36, "hu-worker-c23": 0.787958145910782, "hu-worker-c40": 1.0665426131656863, "hu-worker-c43": 0.7608212728313228, "hu-worker-c29": 1.563997271648584, "target": "realtime"}
{"iteration": 37, "hu-worker-c23": 0.7882172491891068, "hu-worker-c40": 1.0671250183589853, "hu-worker-c43": 0.7597920839201594, "hu-worker-c29": 1.5647465367820594, "target": "realtime"}
{"iteration": 38, "hu-worker-c23": 0.787457883923743, "hu-worker-c40": 1.0675780016814962, "hu-worker-c43": 0.7599351614403049, "hu-worker-c29": 1.565296120918546, "target": "realtime"}
{"iteration": 39, "hu-worker-c23": 0.7877154429086727, "hu-worker-c40": 1.0681573101389144, "hu-worker-c43": 0.7589133420571639, "hu-worker-c29": 1.5660413867110152, "target": "realtime"}
{"iteration": 40, "hu-worker-c23": 0.7879412465183946, "hu-worker-c40": 1.0672392476701267, "hu-worker-c43": 0.7591308928223076, "hu-worker-c29": 1.566490305099142, "target": "realtime"}
{"iteration": 41, "hu-worker-c23": 0.7864408431038369, "hu-worker-c40": 1.0681324884979173, "hu-worker-c43": 0.7594162634004932, "hu-worker-c29": 1.5675771396981715, "target": "realtime"}
{"iteration": 42, "hu-worker-c23": 0.7868408338784154, "hu-worker-c40": 1.0665043476660077, "hu-worker-c43": 0.7598025158356975, "hu-worker-c29": 1.568374427853479, "target": "realtime"}
{"iteration": 43, "hu-worker-c23": 0.7863902951854997, "hu-worker-c40": 1.0667740789597944, "hu-worker-c43": 0.7598869061396458, "hu-worker-c29": 1.568701960170852, "target": "realtime"}
{"iteration": 44, "hu-worker-c23": 0.7863684853765163, "hu-worker-c40": 1.0668628419682573, "hu-worker-c43": 0.7598658313251612, "hu-worker-c29": 1.5686584536288237, "target": "realtime"}
{"iteration": 45, "hu-worker-c23": 0.7930169581524593, "hu-worker-c40": 1.0679354108672614, "hu-worker-c43": 0.767789539953963, "hu-worker-c29": 1.5379079682173482, "target": "realtime"}
{"iteration": 46, "hu-worker-c23": 0.7934391199504119, "hu-worker-c40": 1.0646955958226691, "hu-worker-c43": 0.770980537189451, "hu-worker-c29": 1.5353857953607455, "target": "realtime"}
{"iteration": 47, "hu-worker-c23": 0.7854667956190374, "hu-worker-c40": 1.0590451030523562, "hu-worker-c43": 0.7980170332203936, "hu-worker-c29": 1.5064181919991295, "target": "realtime"}
{"iteration": 48, "hu-worker-c23": 0.7829262427054776, "hu-worker-c40": 1.0571574018341316, "hu-worker-c43": 0.8060036901669497, "hu-worker-c29": 1.499002870893114, "target": "realtime"}
{"iteration": 49, "hu-worker-c23": 0.8160334744417869, "hu-worker-c40": 1.051228277543718, "hu-worker-c43": 0.7988704300122452, "hu-worker-c29": 1.4592128480808986, "target": "realtime"}
{"iteration": 50, "hu-worker-c23": 0.8139399050976471, "hu-worker-c40": 1.050346832067358, "hu-worker-c43": 0.8034247550092595, "hu-worker-c29": 1.4558938781164372, "target": "realtime"}
{"iteration": 51, "hu-worker-c23": 0.8218289043819328, "hu-worker-c40": 1.0486780995225546, "hu-worker-c43": 0.8000139265482694, "hu-worker-c29": 1.4503701158993283, "target": "realtime"}
{"iteration": 52, "hu-worker-c23": 0.8264822774964514, "hu-worker-c40": 1.0476413965116094, "hu-worker-c43": 0.7980502352240189, "hu-worker-c29": 1.4471834055614388, "target": "realtime"}
{"iteration": 53, "hu-worker-c23": 0.823184022190971, "hu-worker-c40": 1.0996288982636064, "hu-worker-c43": 0.7933474853953487, "hu-worker-c29": 1.3924944522375677, "target": "realtime"}
{"iteration": 54, "hu-worker-c23": 0.8269674271665292, "hu-worker-c40": 1.085079140295755, "hu-worker-c43": 0.7969937587453167, "hu-worker-c29": 1.398283590862083, "target": "realtime"}
{"iteration": 55, "hu-worker-c23": 0.8252958986214317, "hu-worker-c40": 1.0914694948620236, "hu-worker-c43": 0.7953828156988354, "hu-worker-c29": 1.3957335150065988, "target": "realtime"}
{"iteration": 56, "hu-worker-c23": 0.8274337380454921, "hu-worker-c40": 1.0948300912421485, "hu-worker-c43": 0.7972870790024567, "hu-worker-c29": 1.3845394149381467, "target": "realtime"}
{"iteration": 57, "hu-worker-c23": 0.8276037806277974, "hu-worker-c40": 1.095051162437461, "hu-worker-c43": 0.7974527911693086, "hu-worker-c29": 1.3836878933457932, "target": "realtime"}
{"iteration": 58, "hu-worker-c23": 0.8280021491671761, "hu-worker-c40": 1.0955758981240273, "hu-worker-c43": 0.7963029325278631, "hu-worker-c29": 1.3843558852305717, "target": "realtime"}
{"iteration": 59, "hu-worker-c23": 0.8281161081965379, "hu-worker-c40": 1.0957260399997282, "hu-worker-c43": 0.7959743971417692, "hu-worker-c29": 1.3845469461206195, "target": "realtime"}
{"iteration": 60, "hu-worker-c23": 0.8279292622688413, "hu-worker-c40": 1.0954797885060072, "hu-worker-c43": 0.796513175227118, "hu-worker-c29": 1.384233751231734, "target": "realtime"}
{"iteration": 61, "hu-worker-c23": 0.8269735495708749, "hu-worker-c40": 1.0942385523457738, "hu-worker-c43": 0.7955826591332187, "hu-worker-c29": 1.3890281929568926, "target": "realtime"}
{"iteration": 62, "hu-worker-c23": 0.8262761973723287, "hu-worker-c40": 1.09454547794141, "hu-worker-c43": 0.795806711175565, "hu-worker-c29": 1.3894193711706657, "target": "realtime"}
{"iteration": 63, "hu-worker-c23": 0.8280104129664976, "hu-worker-c40": 1.0937828786848853, "hu-worker-c43": 0.795249975153582, "hu-worker-c29": 1.3884473514544347, "target": "realtime"}
{"iteration": 64, "hu-worker-c23": 0.8293106364779699, "hu-worker-c40": 1.0932124468044264, "hu-worker-c43": 0.7948336082821956, "hu-worker-c29": 1.387720405842524, "target": "realtime"}
{"iteration": 65, "hu-worker-c23": 0.8298210771892979, "hu-worker-c40": 1.0911963125606787, "hu-worker-c43": 0.7953228282624699, "hu-worker-c29": 1.3885745476975684, "target": "realtime"}
{"iteration": 66, "hu-worker-c23": 0.8300003630614652, "hu-worker-c40": 1.0904893473057276, "hu-worker-c43": 0.7954946606222996, "hu-worker-c29": 1.3888745542699068, "target": "realtime"}
{"iteration": 67, "hu-worker-c23": 0.8298293549112817, "hu-worker-c40": 1.0911636581535826, "hu-worker-c43": 0.7953307618516874, "hu-worker-c29": 1.3885883991569303, "target": "realtime"}
{"iteration": 68, "hu-worker-c23": 0.8299021977775868, "hu-worker-c40": 1.0912591989451677, "hu-worker-c43": 0.7951214163614844, "hu-worker-c29": 1.3887104910459849, "target": "realtime"}
{"iteration": 69, "hu-worker-c23": 0.8293054071941605, "hu-worker-c40": 1.0904768175228303, "hu-worker-c43": 0.7968386257466021, "hu-worker-c29": 1.3877099039145566, "target": "realtime"}
{"iteration": 70, "hu-worker-c23": 0.8287574274324122, "hu-worker-c40": 1.0897580387084602, "hu-worker-c43": 0.7984198428023692, "hu-worker-c29": 1.386791475094562, "target": "realtime"}
{"iteration": 71, "hu-worker-c23": 0.8309022942901105, "hu-worker-c40": 1.0888213308359131, "hu-worker-c43": 0.79773158923103, "hu-worker-c29": 1.3855960336309752, "target": "realtime"}
{"iteration": 72, "hu-worker-c23": 0.8318644523169814, "hu-worker-c40": 1.0884021781589481, "hu-worker-c43": 0.7974236191388696, "hu-worker-c29": 1.385061114186973, "target": "realtime"}
{"iteration": 73, "hu-worker-c23": 0.8306333227384622, "hu-worker-c40": 1.088937340653034, "hu-worker-c43": 0.7978182363808393, "hu-worker-c29": 1.385746532807292, "target": "realtime"}
{"iteration": 74, "hu-worker-c23": 0.830511429059856, "hu-worker-c40": 1.088779458929553, "hu-worker-c43": 0.7977002412706887, "hu-worker-c29": 1.3863559300407222, "target": "realtime"}
{"iteration": 75, "hu-worker-c23": 0.8299070704322099, "hu-worker-c40": 1.0879949101061153, "hu-worker-c43": 0.7971160531647817, "hu-worker-c29": 1.3893834337211242, "target": "realtime"}
{"iteration": 76, "hu-worker-c23": 0.8290770803682928, "hu-worker-c40": 1.08691343376046, "hu-worker-c43": 0.7963156884213042, "hu-worker-c29": 1.393557401321232, "target": "realtime"}
{"iteration": 77, "hu-worker-c23": 0.8294435450055919, "hu-worker-c40": 1.0873916386772495, "hu-worker-c43": 0.7952612375836994, "hu-worker-c29": 1.3941752361790396, "target": "realtime"}
{"iteration": 78, "hu-worker-c23": 0.828870453906103, "hu-worker-c40": 1.0866412654245128, "hu-worker-c43": 0.7969116973981459, "hu-worker-c29": 1.393211164385695, "target": "realtime"}
{"iteration": 79, "hu-worker-c23": 0.8283519983572024, "hu-worker-c40": 1.0859625426546526, "hu-worker-c43": 0.7984087187825039, "hu-worker-c29": 1.3923389071572014, "target": "realtime"}
{"iteration": 80, "hu-worker-c23": 0.828853175431878, "hu-worker-c40": 1.083993808717944, "hu-worker-c43": 0.79889177921508, "hu-worker-c29": 1.393181312673962, "target": "realtime"}
{"iteration": 81, "hu-worker-c23": 0.8292122401905804, "hu-worker-c40": 1.0825862483554887, "hu-worker-c43": 0.7992378644355216, "hu-worker-c29": 1.3937848481295072, "target": "realtime"}
{"iteration": 82, "hu-worker-c23": 0.8291086233017658, "hu-worker-c40": 1.0829921839302536, "hu-worker-c43": 0.7991379931105183, "hu-worker-c29": 1.3936106832629058, "target": "realtime"}
{"iteration": 83, "hu-worker-c23": 0.8301977399268491, "hu-worker-c40": 1.082518932449036, "hu-worker-c43": 0.7987881843898669, "hu-worker-c29": 1.3930006544889004, "target": "realtime"}
{"iteration": 84, "hu-worker-c23": 0.8296412413583011, "hu-worker-c40": 1.0827599791078841, "hu-worker-c43": 0.7989670922594778, "hu-worker-c29": 1.393312650565372, "target": "realtime"}
{"iteration": 85, "hu-worker-c23": 0.8318543250875631, "hu-worker-c40": 1.0817994756947225, "hu-worker-c43": 0.798257730538105, "hu-worker-c29": 1.392075600041275, "target": "realtime"}
{"iteration": 86, "hu-worker-c23": 0.8328978638712042, "hu-worker-c40": 1.083157541300081, "hu-worker-c43": 0.799258652610976, "hu-worker-c29": 1.386849318472258, "target": "realtime"}
{"iteration": 87, "hu-worker-c23": 0.8323014963826314, "hu-worker-c40": 1.0823819295280828, "hu-worker-c43": 0.8009779720907456, "hu-worker-c29": 1.3858563588862214, "target": "realtime"}
{"iteration": 88, "hu-worker-c23": 0.8313898805828626, "hu-worker-c40": 1.0811958307503968, "hu-worker-c43": 0.8036158177781315, "hu-worker-c29": 1.3843389137355413, "target": "realtime"}
{"iteration": 89, "hu-worker-c23": 0.8310846733649355, "hu-worker-c40": 1.0813281950658267, "hu-worker-c43": 0.8037141685711578, "hu-worker-c29": 1.3845083365206223, "target": "realtime"}
{"iteration": 90, "hu-worker-c23": 0.8308234746624027, "hu-worker-c40": 1.080990797400041, "hu-worker-c43": 0.8044718000617912, "hu-worker-c29": 1.3840711602308653, "target": "realtime"}
{"iteration": 91, "hu-worker-c23": 0.8304789617833989, "hu-worker-c40": 1.0805421202314653, "hu-worker-c43": 0.8041384225578412, "hu-worker-c29": 1.3857945550873625, "target": "realtime"}
{"iteration": 92, "hu-worker-c23": 0.8303811127737439, "hu-worker-c40": 1.0805845889966035, "hu-worker-c43": 0.8041699964241187, "hu-worker-c29": 1.3858489672267942, "target": "realtime"}
{"iteration": 93, "hu-worker-c23": 0.8302730017928287, "hu-worker-c40": 1.0806315196783294, "hu-worker-c43": 0.8042048873045435, "hu-worker-c29": 1.3859090956708013, "target": "realtime"}
{"iteration": 94, "hu-worker-c23": 0.8307058373655164, "hu-worker-c40": 1.07894322500529, "hu-worker-c43": 0.8046241330954534, "hu-worker-c29": 1.3866315938631824, "target": "realtime"}
{"iteration": 95, "hu-worker-c23": 0.8305833680220447, "hu-worker-c40": 1.0794205652219326, "hu-worker-c43": 0.8045055089360752, "hu-worker-c29": 1.3864271654743514, "target": "realtime"}
{"iteration": 96, "hu-worker-c23": 0.8305535455125762, "hu-worker-c40": 1.0793818968764286, "hu-worker-c43": 0.804476579576937, "hu-worker-c29": 1.3865764776543668, "target": "realtime"}
{"iteration": 97, "hu-worker-c23": 0.8311640991883664, "hu-worker-c40": 1.0770049781284914, "hu-worker-c43": 0.8050679634625515, "hu-worker-c29": 1.3875957728845327, "target": "realtime"}
{"iteration": 98, "hu-worker-c23": 0.8313785920344685, "hu-worker-c40": 1.0772837067977876, "hu-worker-c43": 0.8044448035490681, "hu-worker-c29": 1.3879531940291776, "target": "realtime"}
{"iteration": 99, "hu-worker-c23": 0.8312106858834948, "hu-worker-c40": 1.077065550545288, "hu-worker-c43": 0.8049325529126652, "hu-worker-c29": 1.3876733742483418, "target": "realtime"}
{"iteration": 100, "hu-worker-c23": 0.8309899227846764, "hu-worker-c40": 1.0767786841234388, "hu-worker-c43": 0.8055744552414137, "hu-worker-c29": 1.387305495991768, "target": "realtime"}
{"iteration": 101, "hu-worker-c23": 0.830323924207903, "hu-worker-c40": 1.0770668073352985, "hu-worker-c43": 0.8057896651315956, "hu-worker-c29": 1.3876761158165385, "target": "realtime"}
{"iteration": 102, "hu-worker-c23": 0.8315515333627311, "hu-worker-c40": 1.0765359428618422, "hu-worker-c43": 0.8053931623081371, "hu-worker-c29": 1.3869932856416474, "target": "realtime"}
{"iteration": 103, "hu-worker-c23": 0.8298551863668375, "hu-worker-c40": 1.0772650176056129, "hu-worker-c43": 0.8059430507406798, "hu-worker-c29": 1.3879402660724263, "target": "realtime"}
{"iteration": 104, "hu-worker-c23": 0.8299108049262472, "hu-worker-c40": 1.0770484452435467, "hu-worker-c43": 0.8059970666635102, "hu-worker-c29": 1.3880332886152607, "target": "realtime"}
{"iteration": 105, "hu-worker-c23": 0.8298721310660928, "hu-worker-c40": 1.077199030718225, "hu-worker-c43": 0.8059595071824787, "hu-worker-c29": 1.3879686062351544, "target": "realtime"}
{"iteration": 106, "hu-worker-c23": 0.829566880754269, "hu-worker-c40": 1.0767996766555112, "hu-worker-c43": 0.8056645810037633, "hu-worker-c29": 1.3895027382553409, "target": "realtime"}
{"iteration": 107, "hu-worker-c23": 0.8292480939754964, "hu-worker-c40": 1.0780420123135714, "hu-worker-c43": 0.8053549794001826, "hu-worker-c29": 1.388968778757462, "target": "realtime"}
{"iteration": 108, "hu-worker-c23": 0.829876376175429, "hu-worker-c40": 1.0788575117872674, "hu-worker-c43": 0.8059657840527347, "hu-worker-c29": 1.3858170601525497, "target": "realtime"}
{"iteration": 109, "hu-worker-c23": 0.8303551008053264, "hu-worker-c40": 1.079482872782939, "hu-worker-c43": 0.8045718164279748, "hu-worker-c29": 1.3866139673340856, "target": "realtime"}
{"iteration": 110, "hu-worker-c23": 0.8306366262996706, "hu-worker-c40": 1.079850606069576, "hu-worker-c43": 0.803753567676593, "hu-worker-c29": 1.387082628861918, "target": "realtime"}
{"iteration": 111, "hu-worker-c23": 0.8307236343313817, "hu-worker-c40": 1.0799643080014525, "hu-worker-c43": 0.8035008917583609, "hu-worker-c29": 1.387227430644877, "target": "realtime"}
{"iteration": 112, "hu-worker-c23": 0.8301667746224413, "hu-worker-c40": 1.0792319314135548, "hu-worker-c43": 0.8029663802827174, "hu-worker-c29": 1.3900246560297809, "target": "realtime"}
{"iteration": 113, "hu-worker-c23": 0.8300863671420482, "hu-worker-c40": 1.0792668712368647, "hu-worker-c43": 0.8029922713566957, "hu-worker-c29": 1.3900694763760428, "target": "realtime"}
{"iteration": 114, "hu-worker-c23": 0.8301696760338617, "hu-worker-c40": 1.0792306672896346, "hu-worker-c43": 0.8029654473771508, "hu-worker-c29": 1.3900230410658532, "target": "realtime"}
{"iteration": 115, "hu-worker-c23": 0.8273848862568812, "hu-worker-c40": 1.080432267099529, "hu-worker-c43": 0.8038682288533544, "hu-worker-c29": 1.3915858568222093, "target": "realtime"}
{"iteration": 116, "hu-worker-c23": 0.8276650335459241, "hu-worker-c40": 1.0808005721368124, "hu-worker-c43": 0.8030515863904949, "hu-worker-c29": 1.39205495917255, "target": "realtime"}
{"iteration": 117, "hu-worker-c23": 0.8276643074373884, "hu-worker-c40": 1.0808034166928429, "hu-worker-c43": 0.8030508818753623, "hu-worker-c29": 1.3920537379261513, "target": "realtime"}
{"iteration": 118, "hu-worker-c23": 0.8274379096991697, "hu-worker-c40": 1.0805057208792501, "hu-worker-c43": 0.8037107698959186, "hu-worker-c29": 1.3916746831876055, "target": "realtime"}
{"iteration": 119, "hu-worker-c23": 0.8274592742946882, "hu-worker-c40": 1.0804220286389556, "hu-worker-c43": 0.803731521855979, "hu-worker-c29": 1.3917106164803419, "target": "realtime"}
{"iteration": 120, "hu-worker-c23": 0.8275639039343573, "hu-worker-c40": 1.080012284262887, "hu-worker-c43": 0.8038331512136573, "hu-worker-c29": 1.3918865939510325, "target": "realtime"}
{"iteration": 121, "hu-worker-c23": 0.8276160006461047, "hu-worker-c40": 1.0800808008095844, "hu-worker-c43": 0.8036812251367712, "hu-worker-c29": 1.391973772551228, "target": "realtime"}
{"iteration": 122, "hu-worker-c23": 0.8269588755600622, "hu-worker-c40": 1.0803680635180875, "hu-worker-c43": 0.8038935794234058, "hu-worker-c29": 1.3923415696183223, "target": "realtime"}
{"iteration": 123, "hu-worker-c23": 0.8258413654738294, "hu-worker-c40": 1.0808564713933857, "hu-worker-c43": 0.8042555294161517, "hu-worker-c29": 1.3929684660557644, "target": "realtime"}
{"iteration": 124, "hu-worker-c23": 0.8263431332684326, "hu-worker-c40": 1.08152447319601, "hu-worker-c43": 0.8047386986337548, "hu-worker-c29": 1.3904274714455431, "target": "realtime"}
{"iteration": 125, "hu-worker-c23": 0.8254159313067126, "hu-worker-c40": 1.081931147575431, "hu-worker-c43": 0.8050392182043236, "hu-worker-c29": 1.3909467091401329, "target": "realtime"}
{"iteration": 126, "hu-worker-c23": 0.8261196057393004, "hu-worker-c40": 1.0828703956657764, "hu-worker-c43": 0.8057173186687656, "hu-worker-c29": 1.3873878642145308, "target": "realtime"}
{"iteration": 127, "hu-worker-c23": 0.8263987564004416, "hu-worker-c40": 1.0832392998934817, "hu-worker-c43": 0.8049003253054956, "hu-worker-c29": 1.3878541689069455, "target": "realtime"}
{"iteration": 128, "hu-worker-c23": 0.8267592518963671, "hu-worker-c40": 1.0837158408273961, "hu-worker-c43": 0.8038468569858687, "hu-worker-c29": 1.3884562405474528, "target": "realtime"}
{"iteration": 129, "hu-worker-c23": 0.8260532208431122, "hu-worker-c40": 1.0827787152602102, "hu-worker-c43": 0.8031660369348657, "hu-worker-c29": 1.3920246494857793, "target": "realtime"}
{"iteration": 130, "hu-worker-c23": 0.8264883512454293, "hu-worker-c40": 1.0825877297082924, "hu-worker-c43": 0.8030254070795304, "hu-worker-c29": 1.3917809137996597, "target": "realtime"}
{"iteration": 131, "hu-worker-c23": 0.8263074020004613, "hu-worker-c40": 1.0832990982410056, "hu-worker-c43": 0.8028495946966115, "hu-worker-c29": 1.3914762008113293, "target": "realtime"}
{"iteration": 132, "hu-worker-c23": 0.8270617426322598, "hu-worker-c40": 1.0829678955017235, "hu-worker-c43": 0.8026060843531533, "hu-worker-c29": 1.3910541555741993, "target": "realtime"}
{"iteration": 133, "hu-worker-c23": 0.8268082558800823, "hu-worker-c40": 1.083964265184572, "hu-worker-c43": 0.8023600929547053, "hu-worker-c29": 1.3906278103274405, "target": "realtime"}
{"iteration": 134, "hu-worker-c23": 0.8245184676357111, "hu-worker-c40": 1.0849859522234109, "hu-worker-c43": 0.8031487798811753, "hu-worker-c29": 1.3918085285785877, "target": "realtime"}
{"iteration": 135, "hu-worker-c23": 0.8244996460739594, "hu-worker-c40": 1.0849621398495093, "hu-worker-c43": 0.803203004697143, "hu-worker-c29": 1.3917768820092553, "target": "realtime"}
{"iteration": 136, "hu-worker-c23": 0.8251758817759508, "hu-worker-c40": 1.082296930757524, "hu-worker-c43": 0.8038617728307765, "hu-worker-c29": 1.392918385128955, "target": "realtime"}
{"iteration": 137, "hu-worker-c23": 0.8250267219345624, "hu-worker-c40": 1.0820974668837702, "hu-worker-c43": 0.8043009854066989, "hu-worker-c29": 1.3926660980622783, "target": "realtime"}
{"iteration": 138, "hu-worker-c23": 0.825220433522653, "hu-worker-c40": 1.0823550977584422, "hu-worker-c43": 0.8037318022781078, "hu-worker-c29": 1.3929935546719203, "target": "realtime"}
{"iteration": 139, "hu-worker-c23": 0.8254485739193701, "hu-worker-c40": 1.082666431371569, "hu-worker-c43": 0.8039540020574931, "hu-worker-c29": 1.391823309407956, "target": "realtime"}
{"iteration": 140, "hu-worker-c23": 0.8256814327678916, "hu-worker-c40": 1.0829843616280304, "hu-worker-c43": 0.8041807974251431, "hu-worker-c29": 1.3906300100248155, "target": "realtime"}
{"iteration": 141, "hu-worker-c23": 0.8262426441939729, "hu-worker-c40": 1.0837368747392004, "hu-worker-c43": 0.8025298386561306, "hu-worker-c29": 1.3915773597860561, "target": "realtime"}
{"iteration": 142, "hu-worker-c23": 0.8260916350865654, "hu-worker-c40": 1.0838036885801745, "hu-worker-c43": 0.8025784000622176, "hu-worker-c29": 1.3916617263494406, "target": "realtime"}
{"iteration": 143, "hu-worker-c23": 0.8261208329181406, "hu-worker-c40": 1.083790843113136, "hu-worker-c43": 0.8025689777589186, "hu-worker-c29": 1.3916453722905666, "target": "realtime"}
{"iteration": 144, "hu-worker-c23": 0.8263152772149658, "hu-worker-c40": 1.0837048148267692, "hu-worker-c43": 0.8025064552026588, "hu-worker-c29": 1.39153675002104, "target": "realtime"}
{"iteration": 145, "hu-worker-c23": 0.8265758437416377, "hu-worker-c40": 1.082680269075227, "hu-worker-c43": 0.8027595140857636, "hu-worker-c29": 1.391975551014298, "target": "realtime"}
{"iteration": 146, "hu-worker-c23": 0.826389971044006, "hu-worker-c40": 1.082426612269997, "hu-worker-c43": 0.802578996875071, "hu-worker-c29": 1.3929281350218392, "target": "realtime"}
{"iteration": 147, "hu-worker-c23": 0.8264832914466966, "hu-worker-c40": 1.0820599946769023, "hu-worker-c43": 0.8026696284589989, "hu-worker-c29": 1.3930854319921169, "target": "realtime"}
{"iteration": 148, "hu-worker-c23": 0.8269148435584995, "hu-worker-c40": 1.0803667547995892, "hu-worker-c43": 0.8030887463745923, "hu-worker-c29": 1.393812838202843, "target": "realtime"}
{"iteration": 149, "hu-worker-c23": 0.826682008089836, "hu-worker-c40": 1.080055294904901, "hu-worker-c43": 0.8037734613071281, "hu-worker-c29": 1.3934194270777096, "target": "realtime"}
{"iteration": 150, "hu-worker-c23": 0.8271750324943654, "hu-worker-c40": 1.080666694603109, "hu-worker-c43": 0.8023638663868224, "hu-worker-c29": 1.3942461481433917, "target": "realtime"}
{"iteration": 151, "hu-worker-c23": 0.8271696837766439, "hu-worker-c40": 1.0806595354387218, "hu-worker-c43": 0.8023795715799003, "hu-worker-c29": 1.394237110101557, "target": "realtime"}
{"iteration": 152, "hu-worker-c23": 0.8270379453904285, "hu-worker-c40": 1.0807177368059522, "hu-worker-c43": 0.8024218171899138, "hu-worker-c29": 1.3943106885701708, "target": "realtime"}
{"iteration": 153, "hu-worker-c23": 0.8274504654279233, "hu-worker-c40": 1.080535574566189, "hu-worker-c43": 0.8022895412399556, "hu-worker-c29": 1.3940803153656136, "target": "realtime"}
{"iteration": 154, "hu-worker-c23": 0.8277066092718033, "hu-worker-c40": 1.080422502709799, "hu-worker-c43": 0.8022074623316607, "hu-worker-c29": 1.3939373608846772, "target": "realtime"}
{"iteration": 155, "hu-worker-c23": 0.8279759398896683, "hu-worker-c40": 1.0807905213477946, "hu-worker-c43": 0.8024684958592757, "hu-worker-c29": 1.3925563068159, "target": "realtime"}
{"iteration": 156, "hu-worker-c23": 0.8283208112877938, "hu-worker-c40": 1.0812620406682139, "hu-worker-c43": 0.8028027430352398, "hu-worker-c29": 1.3907902023914867, "target": "realtime"}
{"iteration": 157, "hu-worker-c23": 0.8285766021719692, "hu-worker-c40": 1.0802609563555614, "hu-worker-c43": 0.8030506539284752, "hu-worker-c29": 1.3912196876045446, "target": "realtime"}
{"iteration": 158, "hu-worker-c23": 0.8284883265744901, "hu-worker-c40": 1.080142554857454, "hu-worker-c43": 0.8033100906273676, "hu-worker-c29": 1.3910710344170552, "target": "realtime"}
{"iteration": 159, "hu-worker-c23": 0.8284722613702209, "hu-worker-c40": 1.0802053923947819, "hu-worker-c43": 0.8032945136442384, "hu-worker-c29": 1.3910440601739096, "target": "realtime"}
{"iteration": 160, "hu-worker-c23": 0.8280350596254792, "hu-worker-c40": 1.0796066107759061, "hu-worker-c43": 0.8028705984061122, "hu-worker-c29": 1.3932857173868807, "target": "realtime"}
{"iteration": 161, "hu-worker-c23": 0.8282607151561642, "hu-worker-c40": 1.0795072412783424, "hu-worker-c43": 0.8027982471986562, "hu-worker-c29": 1.3931598872168625, "target": "realtime"}
{"iteration": 162, "hu-worker-c23": 0.8284248551860951, "hu-worker-c40": 1.0797216578785187, "hu-worker-c43": 0.8023207563725101, "hu-worker-c29": 1.3934360396267074, "target": "realtime"}
{"iteration": 163, "hu-worker-c23": 0.8285360170526261, "hu-worker-c40": 1.0798622781081697, "hu-worker-c43": 0.8020013531772835, "hu-worker-c29": 1.3936224573051221, "target": "realtime"}
{"iteration": 164, "hu-worker-c23": 0.8292450476432385, "hu-worker-c40": 1.0795496368779278, "hu-worker-c43": 0.8017747704839526, "hu-worker-c29": 1.3932277358845704, "target": "realtime"}
{"iteration": 165, "hu-worker-c23": 0.8281077464149781, "hu-worker-c40": 1.0800398872747896, "hu-worker-c43": 0.8021432568000105, "hu-worker-c29": 1.393867272031544, "target": "realtime"}
{"iteration": 166, "hu-worker-c23": 0.8284407338180138, "hu-worker-c40": 1.0787380621100737, "hu-worker-c43": 0.8024658034367973, "hu-worker-c29": 1.3944277547617974, "target": "realtime"}
{"iteration": 167, "hu-worker-c23": 0.8283184586846192, "hu-worker-c40": 1.0785736044981058, "hu-worker-c43": 0.8028255292700586, "hu-worker-c29": 1.3942212522215682, "target": "realtime"}
{"iteration": 168, "hu-worker-c23": 0.8285368358999861, "hu-worker-c40": 1.0777209909562964, "hu-worker-c43": 0.8030371857124665, "hu-worker-c29": 1.3945888237034039, "target": "realtime"}
{"iteration": 169, "hu-worker-c23": 0.8290076108165721, "hu-worker-c40": 1.0783660641555866, "hu-worker-c43": 0.8034934720673936, "hu-worker-c29": 1.3921720722522621, "target": "realtime"}
{"iteration": 170, "hu-worker-c23": 0.8293244079584486, "hu-worker-c40": 1.0771307468626532, "hu-worker-c43": 0.8038005194698087, "hu-worker-c29": 1.3927040773361459, "target": "realtime"}
{"iteration": 171, "hu-worker-c23": 0.829956226517054, "hu-worker-c40": 1.0779953870916723, "hu-worker-c43": 0.8044128931925397, "hu-worker-c29": 1.3894690812640045, "target": "realtime"}
{"iteration": 172, "hu-worker-c23": 0.8302781763702111, "hu-worker-c40": 1.0784277956144246, "hu-worker-c43": 0.80346580437157, "hu-worker-c29": 1.39000994171982, "target": "realtime"}
{"iteration": 173, "hu-worker-c23": 0.8304029716915512, "hu-worker-c40": 1.0785953829859538, "hu-worker-c43": 0.8030991103540758, "hu-worker-c29": 1.3902195887083515, "target": "realtime"}
{"iteration": 174, "hu-worker-c23": 0.8296682252416967, "hu-worker-c40": 1.0789193528986163, "hu-worker-c43": 0.8033336640005295, "hu-worker-c29": 1.3906267923336835, "target": "realtime"}
{"iteration": 175, "hu-worker-c23": 0.8295111608855518, "hu-worker-c40": 1.0789886294013107, "hu-worker-c43": 0.8033838514270647, "hu-worker-c29": 1.3907139159733222, "target": "realtime"}
{"iteration": 176, "hu-worker-c23": 0.8295193884694226, "hu-worker-c40": 1.078999732402975, "hu-worker-c43": 0.8033596176693356, "hu-worker-c29": 1.3907277625140844, "target": "realtime"}
{"iteration": 177, "hu-worker-c23": 0.8295980999429534, "hu-worker-c40": 1.0786926380328017, "hu-worker-c43": 0.8034358469602301, "hu-worker-c29": 1.390859725997272, "target": "realtime"}
{"iteration": 178, "hu-worker-c23": 0.8304078869299419, "hu-worker-c40": 1.0783461778268508, "hu-worker-c43": 0.8031727460377172, "hu-worker-c29": 1.3904051514967877, "target": "realtime"}
{"iteration": 179, "hu-worker-c23": 0.8300838023523034, "hu-worker-c40": 1.0779022160472422, "hu-worker-c43": 0.8028592903148428, "hu-worker-c29": 1.3920641801600564, "target": "realtime"}
{"iteration": 180, "hu-worker-c23": 0.8282333378665275, "hu-worker-c40": 1.0787211885640438, "hu-worker-c43": 0.8034495028141608, "hu-worker-c29": 1.393091032598383, "target": "realtime"}
{"iteration": 181, "hu-worker-c23": 0.8282104241696294, "hu-worker-c40": 1.0786902019123663, "hu-worker-c43": 0.8035171287262376, "hu-worker-c29": 1.3930523414025795, "target": "realtime"}
{"iteration": 182, "hu-worker-c23": 0.8277434480861966, "hu-worker-c40": 1.0788973431287394, "hu-worker-c43": 0.8036663311714463, "hu-worker-c29": 1.393311912354695, "target": "realtime"}
{"iteration": 183, "hu-worker-c23": 0.827567341545513, "hu-worker-c40": 1.078658909636484, "hu-worker-c43": 0.8041868064041288, "hu-worker-c29": 1.3930143090558915, "target": "realtime"}
{"iteration": 184, "hu-worker-c23": 0.8271815736938051, "hu-worker-c40": 1.0801687578269643, "hu-worker-c43": 0.8038119369601755, "hu-worker-c29": 1.3923649596888292, "target": "realtime"}
{"iteration": 185, "hu-worker-c23": 0.8273313712451822, "hu-worker-c40": 1.0803721558201982, "hu-worker-c43": 0.803369019502854, "hu-worker-c29": 1.3926181303445926, "target": "realtime"}
{"iteration": 186, "hu-worker-c23": 0.8273797253379375, "hu-worker-c40": 1.0804391076680766, "hu-worker-c43": 0.8034159731358501, "hu-worker-c29": 1.39236907237936, "target": "realtime"}
{"iteration": 187, "hu-worker-c23": 0.8264297455107327, "hu-worker-c40": 1.0808620803114661, "hu-worker-c43": 0.8037197506308885, "hu-worker-c29": 1.3928974332036608, "target": "realtime"}
{"iteration": 188, "hu-worker-c23": 0.8267586455357714, "hu-worker-c40": 1.0795726314632774, "hu-worker-c43": 0.8040396129267089, "hu-worker-c29": 1.393451774549988, "target": "realtime"}
{"iteration": 189, "hu-worker-c23": 0.8270860275260431, "hu-worker-c40": 1.0785589188317926, "hu-worker-c43": 0.8043527908895309, "hu-worker-c29": 1.3936665241697235, "target": "realtime"}
{"iteration": 190, "hu-worker-c23": 0.8274385835745451, "hu-worker-c40": 1.0790186686397552, "hu-worker-c43": 0.8046956567586909, "hu-worker-c29": 1.391885837130664, "target": "realtime"}
{"iteration": 191, "hu-worker-c23": 0.8264970942123128, "hu-worker-c40": 1.0794284614496752, "hu-worker-c43": 0.805000433282333, "hu-worker-c29": 1.392414989508595, "target": "realtime"}
{"iteration": 192, "hu-worker-c23": 0.8265509891550306, "hu-worker-c40": 1.079499071668117, "hu-worker-c43": 0.8048425817238395, "hu-worker-c29": 1.3925061803035457, "target": "realtime"}
{"iteration": 193, "hu-worker-c23": 0.826175778046444, "hu-worker-c40": 1.079662560638361, "hu-worker-c43": 0.8049641385325697, "hu-worker-c29": 1.3927172907191923, "target": "realtime"}
{"iteration": 194, "hu-worker-c23": 0.82606861822878, "hu-worker-c40": 1.0795220727413573, "hu-worker-c43": 0.8052782408417862, "hu-worker-c29": 1.3925358513611654, "target": "realtime"}
{"iteration": 195, "hu-worker-c23": 0.8261591550375836, "hu-worker-c40": 1.0796407855798262, "hu-worker-c43": 0.8050128207797809, "hu-worker-c29": 1.3926891769405667, "target": "realtime"}
{"iteration": 196, "hu-worker-c23": 0.8267629896779148, "hu-worker-c40": 1.0804298891155253, "hu-worker-c43": 0.8056012002404728, "hu-worker-c29": 1.3896399096845966, "target": "realtime"}
{"iteration": 197, "hu-worker-c23": 0.8268495835337016, "hu-worker-c40": 1.0800904092282766, "hu-worker-c43": 0.8056855777013325, "hu-worker-c29": 1.3897855398704706, "target": "realtime"}
{"iteration": 198, "hu-worker-c23": 0.8271965970904358, "hu-worker-c40": 1.0799392562743886, "hu-worker-c43": 0.8055731733250688, "hu-worker-c29": 1.3895908232101846, "target": "realtime"}
{"iteration": 199, "hu-worker-c23": 0.8273458457847037, "hu-worker-c40": 1.0793547220530593, "hu-worker-c43": 0.8057185207439764, "hu-worker-c29": 1.3898417927368265, "target": "realtime"}
{"iteration": 200, "hu-worker-c23": 0.8274450766775361, "hu-worker-c40": 1.078966315955626, "hu-worker-c43": 0.8058151577986932, "hu-worker-c29": 1.3900086555084623, "target": "realtime"}
{"iteration": 201, "hu-worker-c23": 0.8268350655121083, "hu-worker-c40": 1.079231488473501, "hu-worker-c43": 0.8060135709490851, "hu-worker-c29": 1.3903500320712185, "target": "realtime"}
{"iteration": 202, "hu-worker-c23": 0.8271384655309285, "hu-worker-c40": 1.079627295211723, "hu-worker-c43": 0.805127310488522, "hu-worker-c29": 1.390859841223383, "target": "realtime"}
{"iteration": 203, "hu-worker-c23": 0.8268043450384841, "hu-worker-c40": 1.0797727371716936, "hu-worker-c43": 0.8052356593288652, "hu-worker-c29": 1.3910472842994834, "target": "realtime"}
{"iteration": 204, "hu-worker-c23": 0.8265664347449766, "hu-worker-c40": 1.0794614082019847, "hu-worker-c43": 0.8059322837444312, "hu-worker-c29": 1.3906459044995065, "target": "realtime"}
{"iteration": 205, "hu-worker-c23": 0.8264057402556361, "hu-worker-c40": 1.0792515478710967, "hu-worker-c43": 0.8057756007778566, "hu-worker-c29": 1.3914572950207176, "target": "realtime"}
{"iteration": 206, "hu-worker-c23": 0.8254209828007999, "hu-worker-c40": 1.0796808574646457, "hu-worker-c43": 0.8060951085703248, "hu-worker-c29": 1.3920114510739738, "target": "realtime"}
{"iteration": 207, "hu-worker-c23": 0.8248759129540263, "hu-worker-c40": 1.0799187813843534, "hu-worker-c43": 0.8062721642487604, "hu-worker-c29": 1.3923185753411396, "target": "realtime"}
{"iteration": 208, "hu-worker-c23": 0.8249203951695339, "hu-worker-c40": 1.0799765824813308, "hu-worker-c43": 0.8061425110196936, "hu-worker-c29": 1.392392888284402, "target": "realtime"}
{"iteration": 209, "hu-worker-c23": 0.8249790984971915, "hu-worker-c40": 1.0800537219864716, "hu-worker-c43": 0.8059699283625108, "hu-worker-c29": 1.3924924801309702, "target": "realtime"}
{"iteration": 210, "hu-worker-c23": 0.8250190738856524, "hu-worker-c40": 1.080106256021326, "hu-worker-c43": 0.8058524251384706, "hu-worker-c29": 1.3925603067679941, "target": "realtime"}
{"iteration": 211, "hu-worker-c23": 0.8251930584110042, "hu-worker-c40": 1.0800302883356854, "hu-worker-c43": 0.8057959328640029, "hu-worker-c29": 1.392462242979485, "target": "realtime"}
{"iteration": 212, "hu-worker-c23": 0.8249535144414737, "hu-worker-c40": 1.080971726777279, "hu-worker-c43": 0.8055620193540819, "hu-worker-c29": 1.3920576011883892, "target": "realtime"}
{"iteration": 213, "hu-worker-c23": 0.8247246650268629, "hu-worker-c40": 1.0818721562783842, "hu-worker-c43": 0.8053385490247369, "hu-worker-c29": 1.391671025127599, "target": "realtime"}
{"iteration": 214, "hu-worker-c23": 0.8251253201358227, "hu-worker-c40": 1.0802971941783632, "hu-worker-c43": 0.8057297860469373, "hu-worker-c29": 1.3923467927988682, "target": "realtime"}
{"iteration": 215, "hu-worker-c23": 0.8248219406999392, "hu-worker-c40": 1.0804297200792745, "hu-worker-c43": 0.8058282959113073, "hu-worker-c29": 1.3925178145808081, "target": "realtime"}
{"iteration": 216, "hu-worker-c23": 0.8248331015644609, "hu-worker-c40": 1.0804443396967314, "hu-worker-c43": 0.8058391998148221, "hu-worker-c29": 1.3924612884668306, "target": "realtime"}
{"iteration": 217, "hu-worker-c23": 0.8247650391922803, "hu-worker-c40": 1.0803551853284494, "hu-worker-c43": 0.8057727048718096, "hu-worker-c29": 1.3928060482091909, "target": "realtime"}
{"iteration": 218, "hu-worker-c23": 0.8249361170750046, "hu-worker-c40": 1.0805801550804541, "hu-worker-c43": 0.805269949042341, "hu-worker-c29": 1.393096502738391, "target": "realtime"}
{"iteration": 219, "hu-worker-c23": 0.8243499070766717, "hu-worker-c40": 1.0808364149964802, "hu-worker-c43": 0.80546027464036, "hu-worker-c29": 1.3934272922052873, "target": "realtime"}
{"iteration": 220, "hu-worker-c23": 0.8243919120912152, "hu-worker-c40": 1.0808917061724588, "hu-worker-c43": 0.8053367764179062, "hu-worker-c29": 1.393498678476813, "target": "realtime"}
{"iteration": 221, "hu-worker-c23": 0.824421246085761, "hu-worker-c40": 1.0809303194547417, "hu-worker-c43": 0.8052505453141924, "hu-worker-c29": 1.3935485324307468, "target": "realtime"}
{"iteration": 222, "hu-worker-c23": 0.8245155859268688, "hu-worker-c40": 1.0808890609593607, "hu-worker-c43": 0.8052199191265008, "hu-worker-c29": 1.3934952705569075, "target": "realtime"}
{"iteration": 223, "hu-worker-c23": 0.8240271579707434, "hu-worker-c40": 1.0802487613898353, "hu-worker-c43": 0.8047429210827493, "hu-worker-c29": 1.3959746524991543, "target": "realtime"}
{"iteration": 224, "hu-worker-c23": 0.8240145602313728, "hu-worker-c40": 1.0802983271078332, "hu-worker-c43": 0.8047306181432633, "hu-worker-c29": 1.395953285488379, "target": "realtime"}
{"iteration": 225, "hu-worker-c23": 0.8239990973142604, "hu-worker-c40": 1.080359170084782, "hu-worker-c43": 0.8047155170740191, "hu-worker-c29": 1.3959270587347106, "target": "realtime"}
{"iteration": 226, "hu-worker-c23": 0.8237721946699341, "hu-worker-c40": 1.0804584292665886, "hu-worker-c43": 0.8047891813549235, "hu-worker-c29": 1.3960554858141188, "target": "realtime"}
{"iteration": 227, "hu-worker-c23": 0.8238496623060753, "hu-worker-c40": 1.0801535435403544, "hu-worker-c43": 0.8048648639385478, "hu-worker-c29": 1.3961869307712098, "target": "realtime"}
{"iteration": 228, "hu-worker-c23": 0.8226672545067679, "hu-worker-c40": 1.0806711920903032, "hu-worker-c43": 0.8052491576938154, "hu-worker-c29": 1.396856957774354, "target": "realtime"}
{"iteration": 229, "hu-worker-c23": 0.8227488327500022, "hu-worker-c40": 1.0807787953232222, "hu-worker-c43": 0.8050088735867074, "hu-worker-c29": 1.3969962561756548, "target": "realtime"}
{"iteration": 230, "hu-worker-c23": 0.8227775608721558, "hu-worker-c40": 1.0808166896693392, "hu-worker-c43": 0.8049242767876159, "hu-worker-c29": 1.3970453132043854, "target": "realtime"}
{"iteration": 231, "hu-worker-c23": 0.8227980401713144, "hu-worker-c40": 1.0808437050062056, "hu-worker-c43": 0.8048639747589098, "hu-worker-c29": 1.3970802873920212, "target": "realtime"}
{"iteration": 232, "hu-worker-c23": 0.8223404447078313, "hu-worker-c40": 1.0810443072764682, "hu-worker-c43": 0.8050127884455399, "hu-worker-c29": 1.3973399501518737, "target": "realtime"}
{"iteration": 233, "hu-worker-c23": 0.8229675927680639, "hu-worker-c40": 1.0818687536016627, "hu-worker-c43": 0.8056267224265073, "hu-worker-c29": 1.3941478244357002, "target": "realtime"}
{"iteration": 234, "hu-worker-c23": 0.822719696799713, "hu-worker-c40": 1.0815428705546497, "hu-worker-c43": 0.8053840496529521, "hu-worker-c29": 1.3954084288048183, "target": "realtime"}
{"iteration": 235, "hu-worker-c23": 0.822736750750508, "hu-worker-c40": 1.081535391713675, "hu-worker-c43": 0.8053785015962093, "hu-worker-c29": 1.3953987659087397, "target": "realtime"}
{"iteration": 236, "hu-worker-c23": 0.8226871937500537, "hu-worker-c40": 1.0815571257298124, "hu-worker-c43": 0.8053946220844839, "hu-worker-c29": 1.3954268485784356, "target": "realtime"}
{"iteration": 237, "hu-worker-c23": 0.8228800013965523, "hu-worker-c40": 1.080796725079127, "hu-worker-c43": 0.8055833772829998, "hu-worker-c29": 1.395754304820136, "target": "realtime"}
{"iteration": 238, "hu-worker-c23": 0.8228021165708818, "hu-worker-c40": 1.0806939829516586, "hu-worker-c43": 0.8058129523677208, "hu-worker-c29": 1.3956214077292208, "target": "realtime"}
{"iteration": 239, "hu-worker-c23": 0.8227707485186266, "hu-worker-c40": 1.0808176451471483, "hu-worker-c43": 0.8057822319524137, "hu-worker-c29": 1.395568132920853, "target": "realtime"}
{"iteration": 240, "hu-worker-c23": 0.8228238852497065, "hu-worker-c40": 1.0808877520613351, "hu-worker-c43": 0.8056255943007579, "hu-worker-c29": 1.3956588027938048, "target": "realtime"}
{"iteration": 241, "hu-worker-c23": 0.8223759928481003, "hu-worker-c40": 1.0810841095445045, "hu-worker-c43": 0.8057713603376443, "hu-worker-c29": 1.3959127218826004, "target": "realtime"}
{"iteration": 242, "hu-worker-c23": 0.8223439252056248, "hu-worker-c40": 1.0812106421506646, "hu-worker-c43": 0.805739940123871, "hu-worker-c29": 1.3958582179820391, "target": "realtime"}
{"iteration": 243, "hu-worker-c23": 0.8222687314839906, "hu-worker-c40": 1.081111344106389, "hu-worker-c43": 0.8059617747128281, "hu-worker-c29": 1.3957298138849201, "target": "realtime"}
{"iteration": 244, "hu-worker-c23": 0.8217493538322563, "hu-worker-c40": 1.080428470426877, "hu-worker-c43": 0.8054526966371568, "hu-worker-c29": 1.3983779558943024, "target": "realtime"}
{"iteration": 245, "hu-worker-c23": 0.8219346261267875, "hu-worker-c40": 1.0803472145711441, "hu-worker-c43": 0.805392370572169, "hu-worker-c29": 1.3982726261615464, "target": "realtime"}
{"iteration": 246, "hu-worker-c23": 0.8217529317326522, "hu-worker-c40": 1.0804269024106279, "hu-worker-c43": 0.8054515275384927, "hu-worker-c29": 1.3983759265395133, "target": "realtime"}
{"iteration": 247, "hu-worker-c23": 0.8218951930609574, "hu-worker-c40": 1.0806148144101744, "hu-worker-c43": 0.8050318180917937, "hu-worker-c29": 1.3986195569384843, "target": "realtime"}
{"iteration": 248, "hu-worker-c23": 0.8218186806750414, "hu-worker-c40": 1.0805137423560554, "hu-worker-c43": 0.8052575271427699, "hu-worker-c29": 1.3984885121369084, "target": "realtime"}
{"iteration": 249, "hu-worker-c23": 0.821871455471184, "hu-worker-c40": 1.0805831298703583, "hu-worker-c43": 0.8053092384870979, "hu-worker-c29": 1.3982191259907824, "target": "realtime"}
{"iteration": 250, "hu-worker-c23": 0.8218088532473931, "hu-worker-c40": 1.0805004252810644, "hu-worker-c43": 0.805493989418468, "hu-worker-c29": 1.3981119193313771, "target": "realtime"}
{"iteration": 251, "hu-worker-c23": 0.8221225414801334, "hu-worker-c40": 1.0803628557444502, "hu-worker-c43": 0.8053918876319723, "hu-worker-c29": 1.3979336173164187, "target": "realtime"}
{"iteration": 252, "hu-worker-c23": 0.8221545806745377, "hu-worker-c40": 1.0802364951257692, "hu-worker-c43": 0.805423274866246, "hu-worker-c29": 1.3979881754553771, "target": "realtime"}
{"iteration": 253, "hu-worker-c23": 0.8227910312865582, "hu-worker-c40": 1.0810727343857394, "hu-worker-c43": 0.8060467740410804, "hu-worker-c29": 1.3947465394313676, "target": "realtime"}
{"iteration": 254, "hu-worker-c23": 0.8227405350555224, "hu-worker-c40": 1.0812718993735653, "hu-worker-c43": 0.8059973053474051, "hu-worker-c29": 1.394660814759065, "target": "realtime"}
{"iteration": 255, "hu-worker-c23": 0.8226576867114954, "hu-worker-c40": 1.0815987753887442, "hu-worker-c43": 0.8059161428642254, "hu-worker-c29": 1.3945201634742979, "target": "realtime"}
{"iteration": 256, "hu-worker-c23": 0.8218647064680684, "hu-worker-c40": 1.0819468509134131, "hu-worker-c43": 0.8061743387849023, "hu-worker-c29": 1.3949696917894836, "target": "realtime"}
{"iteration": 257, "hu-worker-c23": 0.8215530325487059, "hu-worker-c40": 1.082083782647979, "hu-worker-c43": 0.8062759082785935, "hu-worker-c29": 1.3951465372358594, "target": "realtime"}
{"iteration": 258, "hu-worker-c23": 0.821563026051047, "hu-worker-c40": 1.0820970104713752, "hu-worker-c43": 0.8062463707448045, "hu-worker-c29": 1.395163623400271, "target": "realtime"}
{"iteration": 259, "hu-worker-c23": 0.8216047882967322, "hu-worker-c40": 1.0821522881820695, "hu-worker-c43": 0.8061229517823505, "hu-worker-c29": 1.3952350244486957, "target": "realtime"}
{"iteration": 260, "hu-worker-c23": 0.821536709270328, "hu-worker-c40": 1.0820626198155963, "hu-worker-c43": 0.8060561555198906, "hu-worker-c29": 1.3955819140726795, "target": "realtime"}
{"iteration": 261, "hu-worker-c23": 0.8213004300664701, "hu-worker-c40": 1.0821664770975532, "hu-worker-c43": 0.8061331600429611, "hu-worker-c29": 1.3957160968261053, "target": "realtime"}
{"iteration": 262, "hu-worker-c23": 0.8213388479642848, "hu-worker-c40": 1.0822173500232735, "hu-worker-c43": 0.8060195990919353, "hu-worker-c29": 1.3957818312408106, "target": "realtime"}
{"iteration": 263, "hu-worker-c23": 0.8213869136248417, "hu-worker-c40": 1.0820272721476512, "hu-worker-c43": 0.8060667683460323, "hu-worker-c29": 1.3958636459221876, "target": "realtime"}
{"iteration": 264, "hu-worker-c23": 0.821309583612128, "hu-worker-c40": 1.0820612651196693, "hu-worker-c43": 0.806091967690926, "hu-worker-c29": 1.3959075785804642, "target": "realtime"}
{"iteration": 265, "hu-worker-c23": 0.8213081391311781, "hu-worker-c40": 1.0820669773383367, "hu-worker-c43": 0.8060905499713197, "hu-worker-c29": 1.395905119706848, "target": "realtime"}
{"iteration": 266, "hu-worker-c23": 0.8210228742578027, "hu-worker-c40": 1.082192413243025, "hu-worker-c43": 0.8061835345943504, "hu-worker-c29": 1.3960672335288327, "target": "realtime"}
{"iteration": 267, "hu-worker-c23": 0.8210778469354952, "hu-worker-c40": 1.0819749425191443, "hu-worker-c43": 0.806237513794139, "hu-worker-c29": 1.396160864930074, "target": "realtime"}
{"iteration": 268, "hu-worker-c23": 0.8210283547698191, "hu-worker-c40": 1.0819093830985391, "hu-worker-c43": 0.8063839276133633, "hu-worker-c29": 1.3960761040997713, "target": "realtime"}
{"iteration": 269, "hu-worker-c23": 0.8210219027326652, "hu-worker-c40": 1.0819008809226702, "hu-worker-c43": 0.8063775906519898, "hu-worker-c29": 1.3961090177618933, "target": "realtime"}
{"iteration": 270, "hu-worker-c23": 0.8212956301274843, "hu-worker-c40": 1.082261585383953, "hu-worker-c43": 0.8066464359774308, "hu-worker-c29": 1.3947135656684275, "target": "realtime"}
{"iteration": 271, "hu-worker-c23": 0.8212497354814586, "hu-worker-c40": 1.0822007904257238, "hu-worker-c43": 0.8067822405542372, "hu-worker-c29": 1.3946350665490674, "target": "realtime"}
{"iteration": 272, "hu-worker-c23": 0.8213157413125275, "hu-worker-c40": 1.0822882309902944, "hu-worker-c43": 0.8065869266290292, "hu-worker-c29": 1.3947479731853554, "target": "realtime"}
{"iteration": 273, "hu-worker-c23": 0.8211615126639092, "hu-worker-c40": 1.0823560547971132, "hu-worker-c43": 0.8066372217766771, "hu-worker-c29": 1.394835540140958, "target": "realtime"}
{"iteration": 274, "hu-worker-c23": 0.8212877303055243, "hu-worker-c40": 1.0823005475491052, "hu-worker-c43": 0.8065960612542011, "hu-worker-c29": 1.3947638742491202, "target": "realtime"}
{"iteration": 275, "hu-worker-c23": 0.8211677723797807, "hu-worker-c40": 1.0823533024357648, "hu-worker-c43": 0.8066351780709294, "hu-worker-c29": 1.3948319883093605, "target": "realtime"}
{"iteration": 276, "hu-worker-c23": 0.8212057621876966, "hu-worker-c40": 1.0822030108453813, "hu-worker-c43": 0.8066724956336071, "hu-worker-c29": 1.3948966286907678, "target": "realtime"}
{"iteration": 277, "hu-worker-c23": 0.8210281207789127, "hu-worker-c40": 1.0819689108070845, "hu-worker-c43": 0.8064979978173672, "hu-worker-c29": 1.3958022440286648, "target": "realtime"}
{"iteration": 278, "hu-worker-c23": 0.8210421835239418, "hu-worker-c40": 1.0819875446587612, "hu-worker-c43": 0.8064563778346593, "hu-worker-c29": 1.3958263316713617, "target": "realtime"}
{"iteration": 279, "hu-worker-c23": 0.8211418760997804, "hu-worker-c40": 1.0815932822335066, "hu-worker-c43": 0.8065542995790907, "hu-worker-c29": 1.3959961081504195, "target": "realtime"}
{"iteration": 280, "hu-worker-c23": 0.8211447019563034, "hu-worker-c40": 1.0815970252929794, "hu-worker-c43": 0.806545935703059, "hu-worker-c29": 1.396000949315416, "target": "realtime"}
{"iteration": 281, "hu-worker-c23": 0.8208859016688437, "hu-worker-c40": 1.0817108047588992, "hu-worker-c43": 0.8066303291475199, "hu-worker-c29": 1.396148094711143, "target": "realtime"}
{"iteration": 282, "hu-worker-c23": 0.8209312276707766, "hu-worker-c40": 1.0815315368515546, "hu-worker-c43": 0.8066748681094098, "hu-worker-c29": 1.3962253192324692, "target": "realtime"}
{"iteration": 283, "hu-worker-c23": 0.8209177857844826, "hu-worker-c40": 1.081513730222085, "hu-worker-c43": 0.8067146676689814, "hu-worker-c29": 1.396202284375208, "target": "realtime"}
{"iteration": 284, "hu-worker-c23": 0.8212417522942209, "hu-worker-c40": 1.0819405386918517, "hu-worker-c43": 0.8070330294643286, "hu-worker-c29": 1.394550597486725, "target": "realtime"}
{"iteration": 285, "hu-worker-c23": 0.8213744145802632, "hu-worker-c40": 1.0821153141262767, "hu-worker-c43": 0.8071633966548311, "hu-worker-c29": 1.3938749937365615, "target": "realtime"}
{"iteration": 286, "hu-worker-c23": 0.8213471938962216, "hu-worker-c40": 1.0821272818155863, "hu-worker-c43": 0.8071722752592323, "hu-worker-c29": 1.3938904404472845, "target": "realtime"}
{"iteration": 287, "hu-worker-c23": 0.8211229223950678, "hu-worker-c40": 1.0822259033622006, "hu-worker-c43": 0.8072454425296574, "hu-worker-c29": 1.3940177302382075, "target": "realtime"}
{"iteration": 288, "hu-worker-c23": 0.8210568552255532, "hu-worker-c40": 1.0821383206680233, "hu-worker-c43": 0.807441223859558, "hu-worker-c29": 1.3939046711070093, "target": "realtime"}
{"iteration": 289, "hu-worker-c23": 0.8210879703154216, "hu-worker-c40": 1.082179570450662, "hu-worker-c43": 0.8073490074873045, "hu-worker-c29": 1.3939579206232897, "target": "realtime"}
{"iteration": 290, "hu-worker-c23": 0.8210544369060031, "hu-worker-c40": 1.08213510808701, "hu-worker-c43": 0.8074484033083887, "hu-worker-c29": 1.3939005208331015, "target": "realtime"}
{"iteration": 291, "hu-worker-c23": 0.8212618359477353, "hu-worker-c40": 1.0820438999943136, "hu-worker-c43": 0.8073807307540386, "hu-worker-c29": 1.3937827883348384, "target": "realtime"}
{"iteration": 292, "hu-worker-c23": 0.8212629136889745, "hu-worker-c40": 1.0820396372764596, "hu-worker-c43": 0.8073817902816905, "hu-worker-c29": 1.393784621039681, "target": "realtime"}
{"iteration": 293, "hu-worker-c23": 0.8213103502271747, "hu-worker-c40": 1.081852040173036, "hu-worker-c43": 0.8074284251499565, "hu-worker-c29": 1.3938652829042892, "target": "realtime"}
{"iteration": 294, "hu-worker-c23": 0.8212498966425303, "hu-worker-c40": 1.0820911261793016, "hu-worker-c43": 0.8073689932186626, "hu-worker-c29": 1.3937624829708306, "target": "realtime"}
{"iteration": 295, "hu-worker-c23": 0.8211668273365628, "hu-worker-c40": 1.0819816726807225, "hu-worker-c43": 0.807287327859051, "hu-worker-c29": 1.3941855055168109, "target": "realtime"}
{"iteration": 296, "hu-worker-c23": 0.8209393354550767, "hu-worker-c40": 1.0820817287731972, "hu-worker-c43": 0.8073615456118911, "hu-worker-c29": 1.3943147137476466, "target": "realtime"}
{"iteration": 297, "hu-worker-c23": 0.8209916238062368, "hu-worker-c40": 1.0820587277092666, "hu-worker-c43": 0.8073444849820438, "hu-worker-c29": 1.394285010706882, "target": "realtime"}
{"iteration": 298, "hu-worker-c23": 0.8209733091168161, "hu-worker-c40": 1.0820344400693047, "hu-worker-c43": 0.8073987820711364, "hu-worker-c29": 1.3942536432881303, "target": "realtime"}
{"iteration": 299, "hu-worker-c23": 0.820982564584166, "hu-worker-c40": 1.0820467152377722, "hu-worker-c43": 0.8073713398471295, "hu-worker-c29": 1.3942694972187604, "target": "realtime"}
{"iteration": 300, "hu-worker-c23": 0.8209077114352883, "hu-worker-c40": 1.0820796446790895, "hu-worker-c43": 0.8073957594332359, "hu-worker-c29": 1.3943120256126553, "target": "realtime"}
{"iteration": 301, "hu-worker-c23": 0.8208866311825801, "hu-worker-c40": 1.082051682686521, "hu-worker-c43": 0.8074582724265763, "hu-worker-c29": 1.3942759111235425, "target": "realtime"}
{"iteration": 302, "hu-worker-c23": 0.8209090478470913, "hu-worker-c40": 1.0820812312511667, "hu-worker-c43": 0.8074803224204382, "hu-worker-c29": 1.3941616931494225, "target": "realtime"}
{"iteration": 303, "hu-worker-c23": 0.8208609259799565, "hu-worker-c40": 1.0822716855150956, "hu-worker-c43": 0.8074329876240819, "hu-worker-c29": 1.3940797915534313, "target": "realtime"}
{"iteration": 304, "hu-worker-c23": 0.8208406635932622, "hu-worker-c40": 1.0823518924275892, "hu-worker-c43": 0.8074130566444778, "hu-worker-c29": 1.3940453056057485, "target": "realtime"}
{"iteration": 305, "hu-worker-c23": 0.8207171981809405, "hu-worker-c40": 1.082406236518485, "hu-worker-c43": 0.807453339427128, "hu-worker-c29": 1.394115465150101, "target": "realtime"}
{"iteration": 306, "hu-worker-c23": 0.8197215625879525, "hu-worker-c40": 1.0810931367183365, "hu-worker-c43": 0.8064737933169344, "hu-worker-c29": 1.3992015291783082, "target": "realtime"}
{"iteration": 307, "hu-worker-c23": 0.8194300175789376, "hu-worker-c40": 1.081221510436677, "hu-worker-c43": 0.8065689329986718, "hu-worker-c29": 1.3993680810207045, "target": "realtime"}
{"iteration": 308, "hu-worker-c23": 0.8194297915350182, "hu-worker-c40": 1.0812224057063302, "hu-worker-c43": 0.8065687105021041, "hu-worker-c29": 1.399367694367274, "target": "realtime"}
{"iteration": 309, "hu-worker-c23": 0.8194109067121407, "hu-worker-c40": 1.0811973207025034, "hu-worker-c43": 0.8066247736763776, "hu-worker-c29": 1.3993351476923892, "target": "realtime"}
{"iteration": 310, "hu-worker-c23": 0.8193882849890575, "hu-worker-c40": 1.081167270320502, "hu-worker-c43": 0.8066919402115914, "hu-worker-c29": 1.3992961578957832, "target": "realtime"}
{"iteration": 311, "hu-worker-c23": 0.8193987767530907, "hu-worker-c40": 1.0811812082778502, "hu-worker-c43": 0.8066607865185071, "hu-worker-c29": 1.3993142425337874, "target": "realtime"}
{"iteration": 312, "hu-worker-c23": 0.8196197282336766, "hu-worker-c40": 1.0810839105622427, "hu-worker-c43": 0.8065886747508975, "hu-worker-c29": 1.399188003663235, "target": "realtime"}
{"iteration": 313, "hu-worker-c23": 0.8200780179568138, "hu-worker-c40": 1.0816883986004948, "hu-worker-c43": 0.8070396787857488, "hu-worker-c29": 1.3968435592105015, "target": "realtime"}
{"iteration": 314, "hu-worker-c23": 0.8198000135853347, "hu-worker-c40": 1.0818108288922093, "hu-worker-c43": 0.8071304059601055, "hu-worker-c29": 1.3970020589726655, "target": "realtime"}
{"iteration": 315, "hu-worker-c23": 0.8196904402082779, "hu-worker-c40": 1.0818591004599885, "hu-worker-c43": 0.8071661728383543, "hu-worker-c29": 1.397064555072052, "target": "realtime"}
{"iteration": 316, "hu-worker-c23": 0.8196653875797597, "hu-worker-c40": 1.0818258027317713, "hu-worker-c43": 0.8072405982036606, "hu-worker-c29": 1.397021444015966, "target": "realtime"}
{"iteration": 317, "hu-worker-c23": 0.8196844549138851, "hu-worker-c40": 1.0817502491390596, "hu-worker-c43": 0.8072593765624165, "hu-worker-c29": 1.3970540190215852, "target": "realtime"}
{"iteration": 318, "hu-worker-c23": 0.8196430149137914, "hu-worker-c40": 1.0819144606920585, "hu-worker-c43": 0.8072185646087735, "hu-worker-c29": 1.396983224511423, "target": "realtime"}
{"iteration": 319, "hu-worker-c23": 0.8197793331122297, "hu-worker-c40": 1.0820943985868499, "hu-worker-c43": 0.807352816635555, "hu-worker-c29": 1.3962864415729646, "target": "realtime"}
{"iteration": 320, "hu-worker-c23": 0.8197787983409746, "hu-worker-c40": 1.082093687948072, "hu-worker-c43": 0.8073544050421646, "hu-worker-c29": 1.3962855223108785, "target": "realtime"}
{"iteration": 321, "hu-worker-c23": 0.8197546956866416, "hu-worker-c40": 1.082061645664915, "hu-worker-c43": 0.8074260235944871, "hu-worker-c29": 1.3962440670600686, "target": "realtime"}
{"iteration": 322, "hu-worker-c23": 0.8197676378446367, "hu-worker-c40": 1.0820559428431205, "hu-worker-c43": 0.8074217982318602, "hu-worker-c29": 1.3962366889995095, "target": "realtime"}
{"iteration": 323, "hu-worker-c23": 0.8197188185981692, "hu-worker-c40": 1.0822494401291292, "hu-worker-c43": 0.8073737140690685, "hu-worker-c29": 1.396153337634206, "target": "realtime"}
{"iteration": 324, "hu-worker-c23": 0.8198921422637849, "hu-worker-c40": 1.0824782743383776, "hu-worker-c43": 0.8075444276943906, "hu-worker-c29": 1.3952680913442905, "target": "realtime"}
{"iteration": 325, "hu-worker-c23": 0.8198498534190812, "hu-worker-c40": 1.0824969142388825, "hu-worker-c43": 0.807558231988037, "hu-worker-c29": 1.3952921827499816, "target": "realtime"}
{"iteration": 326, "hu-worker-c23": 0.8196956875414354, "hu-worker-c40": 1.082564877669726, "hu-worker-c43": 0.8076085642505163, "hu-worker-c29": 1.395380023015743, "target": "realtime"}
{"iteration": 327, "hu-worker-c23": 0.8198236474790624, "hu-worker-c40": 1.0827338734823175, "hu-worker-c43": 0.8077346374941496, "hu-worker-c29": 1.3947267420955174, "target": "realtime"}
{"iteration": 328, "hu-worker-c23": 0.8198405701310642, "hu-worker-c40": 1.0827563884686482, "hu-worker-c43": 0.8076843274740659, "hu-worker-c29": 1.3947558242788642, "target": "realtime"}
{"iteration": 329, "hu-worker-c23": 0.8198077570308887, "hu-worker-c40": 1.082712721531778, "hu-worker-c43": 0.8077819008282267, "hu-worker-c29": 1.394699415621031, "target": "realtime"}
{"iteration": 330, "hu-worker-c23": 0.8197700390365135, "hu-worker-c40": 1.0827293535279534, "hu-worker-c43": 0.8077942134842342, "hu-worker-c29": 1.394720902066911, "target": "realtime"}
{"iteration": 331, "hu-worker-c23": 0.8197508501827955, "hu-worker-c40": 1.0827038157905144, "hu-worker-c43": 0.8078512845571922, "hu-worker-c29": 1.3946879125511316, "target": "realtime"}
{"iteration": 332, "hu-worker-c23": 0.8197665358457418, "hu-worker-c40": 1.0826416123156652, "hu-worker-c43": 0.8078667425752426, "hu-worker-c29": 1.394714669323912, "target": "realtime"}
{"iteration": 333, "hu-worker-c23": 0.8197711891796143, "hu-worker-c40": 1.0826231596356077, "hu-worker-c43": 0.8078713283758107, "hu-worker-c29": 1.3947226073064687, "target": "realtime"}
{"iteration": 334, "hu-worker-c23": 0.8197202031536952, "hu-worker-c40": 1.0828253728258916, "hu-worker-c43": 0.8078210822983768, "hu-worker-c29": 1.39463562342421, "target": "realtime"}
{"iteration": 335, "hu-worker-c23": 0.8198235389746165, "hu-worker-c40": 1.0827798005448952, "hu-worker-c43": 0.8077873516578812, "hu-worker-c29": 1.394576755614787, "target": "realtime"}
{"iteration": 336, "hu-worker-c23": 0.8198594608867896, "hu-worker-c40": 1.0827639601586971, "hu-worker-c43": 0.8077756280179159, "hu-worker-c29": 1.3945562933883573, "target": "realtime"}
{"iteration": 337, "hu-worker-c23": 0.8199220189852177, "hu-worker-c40": 1.082846578899886, "hu-worker-c43": 0.8078372641713211, "hu-worker-c29": 1.3942371134438125, "target": "realtime"}
{"iteration": 338, "hu-worker-c23": 0.8199179735243061, "hu-worker-c40": 1.08284119346266, "hu-worker-c43": 0.8078492974166891, "hu-worker-c29": 1.394230158825982, "target": "realtime"}
{"iteration": 339, "hu-worker-c23": 0.819962494446771, "hu-worker-c40": 1.08290046738552, "hu-worker-c43": 0.8077168716021746, "hu-worker-c29": 1.3943067067019224, "target": "realtime"}
{"iteration": 340, "hu-worker-c23": 0.820058782764845, "hu-worker-c40": 1.082858010249242, "hu-worker-c43": 0.8076854608907286, "hu-worker-c29": 1.394251874449235, "target": "realtime"}
{"iteration": 341, "hu-worker-c23": 0.8200412179178038, "hu-worker-c40": 1.0828346268325098, "hu-worker-c43": 0.8077376983062529, "hu-worker-c29": 1.394221675680823, "target": "realtime"}
{"iteration": 342, "hu-worker-c23": 0.820002838928473, "hu-worker-c40": 1.0827839486937072, "hu-worker-c43": 0.8076998950792628, "hu-worker-c29": 1.3944174483381435, "target": "realtime"}
{"iteration": 343, "hu-worker-c23": 0.8202091957516291, "hu-worker-c40": 1.0830564358063284, "hu-worker-c43": 0.8079031561384429, "hu-worker-c29": 1.3933652455531953, "target": "realtime"}
{"iteration": 344, "hu-worker-c23": 0.8202200611174256, "hu-worker-c40": 1.0830516447684981, "hu-worker-c43": 0.8078996131301965, "hu-worker-c29": 1.3933590619576237, "target": "realtime"}
{"iteration": 345, "hu-worker-c23": 0.8201892018929966, "hu-worker-c40": 1.0830652520694277, "hu-worker-c43": 0.8079096764253896, "hu-worker-c29": 1.3933766239587162, "target": "realtime"}
{"iteration": 346, "hu-worker-c23": 0.8201840476038331, "hu-worker-c40": 1.083085691366661, "hu-worker-c43": 0.8079045992856814, "hu-worker-c29": 1.3933678416223167, "target": "realtime"}
{"iteration": 347, "hu-worker-c23": 0.8201589539403048, "hu-worker-c40": 1.0831852092992458, "hu-worker-c43": 0.8078798812227046, "hu-worker-c29": 1.393325082442167, "target": "realtime"}
{"iteration": 348, "hu-worker-c23": 0.8201526650411324, "hu-worker-c40": 1.0832101520076705, "hu-worker-c43": 0.8078736864555047, "hu-worker-c29": 1.3933143663793797, "target": "realtime"}
{"iteration": 349, "hu-worker-c23": 0.8201762077170671, "hu-worker-c40": 1.0832415199570355, "hu-worker-c43": 0.8078036347277557, "hu-worker-c29": 1.393354845912758, "target": "realtime"}
{"iteration": 350, "hu-worker-c23": 0.8201615680914628, "hu-worker-c40": 1.0832220183756243, "hu-worker-c43": 0.807847187101786, "hu-worker-c29": 1.393329681553612, "target": "realtime"}
{"iteration": 351, "hu-worker-c23": 0.820314933467325, "hu-worker-c40": 1.0831543817774485, "hu-worker-c43": 0.8077971959134476, "hu-worker-c29": 1.3932423913869856, "target": "realtime"}
{"iteration": 352, "hu-worker-c23": 0.8202664017703866, "hu-worker-c40": 1.0830897313327628, "hu-worker-c43": 0.8079415926406063, "hu-worker-c29": 1.3931589599631942, "target": "realtime"}
{"iteration": 353, "hu-worker-c23": 0.8203951354618876, "hu-worker-c40": 1.0832597131451933, "hu-worker-c43": 0.8080683922697433, "hu-worker-c29": 1.3925032324566806, "target": "realtime"}
{"iteration": 354, "hu-worker-c23": 0.8204367633882617, "hu-worker-c40": 1.0832413553085438, "hu-worker-c43": 0.8080548282271661, "hu-worker-c29": 1.3924795501695169, "target": "realtime"}
{"iteration": 355, "hu-worker-c23": 0.8204212875519041, "hu-worker-c40": 1.0832481797659783, "hu-worker-c43": 0.8080598713652375, "hu-worker-c29": 1.3924883534853725, "target": "realtime"}
{"iteration": 356, "hu-worker-c23": 0.8204828918325575, "hu-worker-c40": 1.0833295194879937, "hu-worker-c43": 0.8081205475487164, "hu-worker-c29": 1.3921747202518366, "target": "realtime"}
{"iteration": 357, "hu-worker-c23": 0.8204848091853145, "hu-worker-c40": 1.0833219156829814, "hu-worker-c43": 0.8081224360206685, "hu-worker-c29": 1.3921779852168252, "target": "realtime"}
{"iteration": 358, "hu-worker-c23": 0.8204730833903991, "hu-worker-c40": 1.0833684179137884, "hu-worker-c43": 0.8081108868504562, "hu-worker-c29": 1.392158019020865, "target": "realtime"}
{"iteration": 359, "hu-worker-c23": 0.820482948923621, "hu-worker-c40": 1.0833815715903683, "hu-worker-c43": 0.8080815120458785, "hu-worker-c29": 1.3921749827245795, "target": "realtime"}
{"iteration": 360, "hu-worker-c23": 0.8205095052173115, "hu-worker-c40": 1.0834169788620407, "hu-worker-c43": 0.8080024475024503, "hu-worker-c29": 1.3922206458252016, "target": "realtime"}
{"iteration": 361, "hu-worker-c23": 0.8205242163739945, "hu-worker-c40": 1.0834365956175813, "hu-worker-c43": 0.807958648826979, "hu-worker-c29": 1.3922459458230663, "target": "realtime"}
{"iteration": 362, "hu-worker-c23": 0.8206731119710671, "hu-worker-c40": 1.0833709298072896, "hu-worker-c43": 0.8079101750442884, "hu-worker-c29": 1.3921612445784708, "target": "realtime"}
{"iteration": 363, "hu-worker-c23": 0.820662971690879, "hu-worker-c40": 1.0834111366790025, "hu-worker-c43": 0.80790019242063, "hu-worker-c29": 1.3921439822374682, "target": "realtime"}
{"iteration": 364, "hu-worker-c23": 0.8206667683091408, "hu-worker-c40": 1.0834161488531242, "hu-worker-c43": 0.807903930001222, "hu-worker-c29": 1.3921246610421114, "target": "realtime"}
{"iteration": 365, "hu-worker-c23": 0.8207170582160738, "hu-worker-c40": 1.0833939717374195, "hu-worker-c43": 0.8078875627390675, "hu-worker-c29": 1.3920960552705757, "target": "realtime"}
{"iteration": 366, "hu-worker-c23": 0.8207806699896723, "hu-worker-c40": 1.0833659207788682, "hu-worker-c43": 0.8078668664521396, "hu-worker-c29": 1.3920598690881643, "target": "realtime"}
{"iteration": 367, "hu-worker-c23": 0.8207940821232752, "hu-worker-c40": 1.083383807375302, "hu-worker-c43": 0.8078269394950417, "hu-worker-c29": 1.392082940269036, "target": "realtime"}
{"iteration": 368, "hu-worker-c23": 0.8207897770597524, "hu-worker-c40": 1.0833780660395889, "hu-worker-c43": 0.8078397551556111, "hu-worker-c29": 1.3920755347353795, "target": "realtime"}
{"iteration": 369, "hu-worker-c23": 0.8208232486912133, "hu-worker-c40": 1.0832453660180223, "hu-worker-c43": 0.8078726988433914, "hu-worker-c29": 1.3921325228394401, "target": "realtime"}
{"iteration": 370, "hu-worker-c23": 0.8208178705076932, "hu-worker-c40": 1.0832381937412048, "hu-worker-c43": 0.8078887111579989, "hu-worker-c29": 1.3921232696147088, "target": "realtime"}
{"iteration": 371, "hu-worker-c23": 0.8208101559813065, "hu-worker-c40": 1.0832687765021425, "hu-worker-c43": 0.8078811181115473, "hu-worker-c29": 1.3921101349666585, "target": "realtime"}
{"iteration": 372, "hu-worker-c23": 0.8208708996275662, "hu-worker-c40": 1.0833489434134789, "hu-worker-c43": 0.8079409050595059, "hu-worker-c29": 1.3918011130823504, "target": "realtime"}
{"iteration": 373, "hu-worker-c23": 0.8209377915992194, "hu-worker-c40": 1.083319450171411, "hu-worker-c43": 0.8079191517146713, "hu-worker-c29": 1.3917630667561036, "target": "realtime"}
{"iteration": 374, "hu-worker-c23": 0.8210736761363777, "hu-worker-c40": 1.0832595401511553, "hu-worker-c43": 0.807874989609068, "hu-worker-c29": 1.3916857661760296, "target": "realtime"}
{"iteration": 375, "hu-worker-c23": 0.8211769533974798, "hu-worker-c40": 1.0832140149314582, "hu-worker-c43": 0.8078414319616521, "hu-worker-c29": 1.3916270254492216, "target": "realtime"}
{"iteration": 376, "hu-worker-c23": 0.8212037261867774, "hu-worker-c40": 1.0832493309674212, "hu-worker-c43": 0.8078677700228942, "hu-worker-c29": 1.3914909207249122, "target": "realtime"}
{"iteration": 377, "hu-worker-c23": 0.8211885466297676, "hu-worker-c40": 1.0833094839021264, "hu-worker-c43": 0.8078528369013269, "hu-worker-c29": 1.3914650961776884, "target": "realtime"}
{"iteration": 378, "hu-worker-c23": 0.8212116831958636, "hu-worker-c40": 1.0833403453162458, "hu-worker-c43": 0.8077839571502262, "hu-worker-c29": 1.3915048990635703, "target": "realtime"}
{"iteration": 379, "hu-worker-c23": 0.8212206066052923, "hu-worker-c40": 1.0833522490754255, "hu-worker-c43": 0.8077573916419464, "hu-worker-c29": 1.3915202521692291, "target": "realtime"}
{"iteration": 380, "hu-worker-c23": 0.8212517213977801, "hu-worker-c40": 1.0833932957152321, "hu-worker-c43": 0.8077879963937565, "hu-worker-c29": 1.3913620962265922, "target": "realtime"}
{"iteration": 381, "hu-worker-c23": 0.821250531105743, "hu-worker-c40": 1.0833917078227953, "hu-worker-c43": 0.807791539987086, "hu-worker-c29": 1.3913600484970383, "target": "realtime"}
{"iteration": 382, "hu-worker-c23": 0.8213430327471364, "hu-worker-c40": 1.0833509305305868, "hu-worker-c43": 0.8077615084201428, "hu-worker-c29": 1.391307440160636, "target": "realtime"}
{"iteration": 383, "hu-worker-c23": 0.8213617332805896, "hu-worker-c40": 1.0832768288121766, "hu-worker-c43": 0.8077798998235439, "hu-worker-c29": 1.3913392551856476, "target": "realtime"}
{"iteration": 384, "hu-worker-c23": 0.8213777774037928, "hu-worker-c40": 1.083213255963418, "hu-worker-c43": 0.8077956787310304, "hu-worker-c29": 1.391366554304417, "target": "realtime"}
{"iteration": 385, "hu-worker-c23": 0.8214533943285544, "hu-worker-c40": 1.0831799321428268, "hu-worker-c43": 0.807771132229149, "hu-worker-c29": 1.3913235547446403, "target": "realtime"}
{"iteration": 386, "hu-worker-c23": 0.8215078461591869, "hu-worker-c40": 1.0831559381811977, "hu-worker-c43": 0.8077534580604941, "hu-worker-c29": 1.391292594073603, "target": "realtime"}
{"iteration": 387, "hu-worker-c23": 0.8215322351333035, "hu-worker-c40": 1.0831884701976355, "hu-worker-c43": 0.8076808565452426, "hu-worker-c29": 1.3913345605224807, "target": "realtime"}
{"iteration": 388, "hu-worker-c23": 0.8215766250125847, "hu-worker-c40": 1.0832469982760842, "hu-worker-c43": 0.8077244980811653, "hu-worker-c29": 1.3911090505042105, "target": "realtime"}
{"iteration": 389, "hu-worker-c23": 0.8215980338537852, "hu-worker-c40": 1.0832755552132218, "hu-worker-c43": 0.8076607749289318, "hu-worker-c29": 1.3911458811537334, "target": "realtime"}
{"iteration": 390, "hu-worker-c23": 0.8216513247467742, "hu-worker-c40": 1.0833458193041483, "hu-worker-c43": 0.807713161923039, "hu-worker-c29": 1.3908752163489568, "target": "realtime"}
{"iteration": 391, "hu-worker-c23": 0.821677610967089, "hu-worker-c40": 1.0833808821147843, "hu-worker-c43": 0.8076349304618536, "hu-worker-c29": 1.3909204260725623, "target": "realtime"}
{"iteration": 392, "hu-worker-c23": 0.8216512393525157, "hu-worker-c40": 1.0834853577766999, "hu-worker-c43": 0.8076090094031017, "hu-worker-c29": 1.3908755844985818, "target": "realtime"}
{"iteration": 393, "hu-worker-c23": 0.8217426713419901, "hu-worker-c40": 1.0834450681869745, "hu-worker-c43": 0.8075793461702516, "hu-worker-c29": 1.390823628032354, "target": "realtime"}
{"iteration": 394, "hu-worker-c23": 0.8217667468653058, "hu-worker-c40": 1.0834768111656106, "hu-worker-c43": 0.8076030067827601, "hu-worker-c29": 1.3907013894364975, "target": "realtime"}
{"iteration": 395, "hu-worker-c23": 0.8217896139253995, "hu-worker-c40": 1.0833862319056107, "hu-worker-c43": 0.8076254798357541, "hu-worker-c29": 1.3907402618371292, "target": "realtime"}
{"iteration": 396, "hu-worker-c23": 0.8217906069591582, "hu-worker-c40": 1.083382298495095, "hu-worker-c43": 0.807626455759308, "hu-worker-c29": 1.3907419500652873, "target": "realtime"}
{"iteration": 397, "hu-worker-c23": 0.8218519489333862, "hu-worker-c40": 1.0833552746220627, "hu-worker-c43": 0.8076065569910607, "hu-worker-c29": 1.3907071008425467, "target": "realtime"}
{"iteration": 398, "hu-worker-c23": 0.8219131111801224, "hu-worker-c40": 1.08332833261186, "hu-worker-c43": 0.8075867184750769, "hu-worker-c29": 1.390672357205256, "target": "realtime"}
{"iteration": 399, "hu-worker-c23": 0.8219173682358208, "hu-worker-c40": 1.083334009278768, "hu-worker-c43": 0.8075740539647799, "hu-worker-c29": 1.3906796757745092, "target": "realtime"}
{"iteration": 400, "hu-worker-c23": 0.8219212336178349, "hu-worker-c40": 1.0833391636729721, "hu-worker-c43": 0.8075625548681653, "hu-worker-c29": 1.3906863210167983, "target": "realtime"}
{"iteration": 401, "hu-worker-c23": 0.8219315668677678, "hu-worker-c40": 1.08335294255412, "hu-worker-c43": 0.8075318160900631, "hu-worker-c29": 1.39070408515489, "target": "realtime"}
{"iteration": 402, "hu-worker-c23": 0.8219367711652755, "hu-worker-c40": 1.0833598021177369, "hu-worker-c43": 0.8075369292139186, "hu-worker-c29": 1.390677668547946, "target": "realtime"}
{"iteration": 403, "hu-worker-c23": 0.8220002578824118, "hu-worker-c40": 1.0833318390020652, "hu-worker-c43": 0.807516340664145, "hu-worker-c29": 1.390641609044983, "target": "realtime"}
{"iteration": 404, "hu-worker-c23": 0.8219867526377278, "hu-worker-c40": 1.083385317184934, "hu-worker-c43": 0.8075030733138155, "hu-worker-c29": 1.390618658779703, "target": "realtime"}
{"iteration": 405, "hu-worker-c23": 0.8219958214085711, "hu-worker-c40": 1.083397409519985, "hu-worker-c43": 0.8074761000494802, "hu-worker-c29": 1.3906342471622146, "target": "realtime"}
{"iteration": 406, "hu-worker-c23": 0.8220268629808782, "hu-worker-c40": 1.0833837372472988, "hu-worker-c43": 0.8074660344899255, "hu-worker-c29": 1.3906166174798968, "target": "realtime"}
{"iteration": 407, "hu-worker-c23": 0.8220748440348921, "hu-worker-c40": 1.0833626053000065, "hu-worker-c43": 0.8074504771982954, "hu-worker-c29": 1.3905893688734858, "target": "realtime"}
{"iteration": 408, "hu-worker-c23": 0.8220607174049048, "hu-worker-c40": 1.0833439886321918, "hu-worker-c43": 0.8074366018464629, "hu-worker-c29": 1.3906610595857511, "target": "realtime"}
{"iteration": 409, "hu-worker-c23": 0.8220640143975354, "hu-worker-c40": 1.0833483843877798, "hu-worker-c43": 0.8074267969754273, "hu-worker-c29": 1.3906667266443227, "target": "realtime"}
{"iteration": 410, "hu-worker-c23": 0.8220515550804978, "hu-worker-c40": 1.0833977176873937, "hu-worker-c43": 0.8074145594352052, "hu-worker-c29": 1.3906455550602377, "target": "realtime"}
{"iteration": 411, "hu-worker-c23": 0.8220438843812585, "hu-worker-c40": 1.0834280916568622, "hu-worker-c43": 0.8074070252750511, "hu-worker-c29": 1.3906325206259604, "target": "realtime"}
{"iteration": 412, "hu-worker-c23": 0.822090151400242, "hu-worker-c40": 1.0834890702560176, "hu-worker-c43": 0.807452468576265, "hu-worker-c29": 1.390397740234084, "target": "realtime"}
{"iteration": 413, "hu-worker-c23": 0.8220955144987252, "hu-worker-c40": 1.0834962212800796, "hu-worker-c43": 0.8074365198520049, "hu-worker-c29": 1.3904069563925436, "target": "realtime"}
{"iteration": 414, "hu-worker-c23": 0.8221091443423184, "hu-worker-c40": 1.083490218136054, "hu-worker-c43": 0.8074321008353813, "hu-worker-c29": 1.3903992176916435, "target": "realtime"}
{"iteration": 415, "hu-worker-c23": 0.8221167395791557, "hu-worker-c40": 1.0835003451550256, "hu-worker-c43": 0.8074095155243602, "hu-worker-c29": 1.3904122692499814, "target": "realtime"}
{"iteration": 416, "hu-worker-c23": 0.8221736256170938, "hu-worker-c40": 1.0834752914674608, "hu-worker-c43": 0.8073910743545141, "hu-worker-c29": 1.3903799719619292, "target": "realtime"}
{"iteration": 417, "hu-worker-c23": 0.8222211285650403, "hu-worker-c40": 1.0834543720552376, "hu-worker-c43": 0.8073756762340818, "hu-worker-c29": 1.3903530042965002, "target": "realtime"}
{"iteration": 418, "hu-worker-c23": 0.8222136376423602, "hu-worker-c40": 1.0834840295751478, "hu-worker-c43": 0.8073683205221176, "hu-worker-c29": 1.3903402806518559, "target": "realtime"}
{"iteration": 419, "hu-worker-c23": 0.8222207200357398, "hu-worker-c40": 1.0834934715578133, "hu-worker-c43": 0.8073472645031511, "hu-worker-c29": 1.3903524489042731, "target": "realtime"}
{"iteration": 420, "hu-worker-c23": 0.822233054638673, "hu-worker-c40": 1.0835097256971482, "hu-worker-c43": 0.8073593760066106, "hu-worker-c29": 1.3902898782778874, "target": "realtime"}
{"iteration": 421, "hu-worker-c23": 0.8222448307194973, "hu-worker-c40": 1.0835254250384518, "hu-worker-c43": 0.8073243673933664, "hu-worker-c29": 1.3903101093764714, "target": "realtime"}
{"iteration": 422, "hu-worker-c23": 0.8222498725619769, "hu-worker-c40": 1.0835054634475894, "hu-worker-c43": 0.8073293177737063, "hu-worker-c29": 1.3903186728607093, "target": "realtime"}
{"iteration": 423, "hu-worker-c23": 0.8222466430984993, "hu-worker-c40": 1.0835182492734838, "hu-worker-c43": 0.8073261468948412, "hu-worker-c29": 1.3903131878810018, "target": "realtime"}
{"iteration": 424, "hu-worker-c23": 0.8222392435677526, "hu-worker-c40": 1.0835084984967078, "hu-worker-c43": 0.8073188816207684, "hu-worker-c29": 1.3903507235700707, "target": "realtime"}
{"iteration": 425, "hu-worker-c23": 0.8222788845886476, "hu-worker-c40": 1.0834910420885782, "hu-worker-c43": 0.807306034011158, "hu-worker-c29": 1.3903282213268382, "target": "realtime"}
{"iteration": 426, "hu-worker-c23": 0.822276351765521, "hu-worker-c40": 1.0834876658509072, "hu-worker-c43": 0.8073135627953375, "hu-worker-c29": 1.3903238703890295, "target": "realtime"}
{"iteration": 427, "hu-worker-c23": 0.8222711175748929, "hu-worker-c40": 1.0834807689081933, "hu-worker-c43": 0.8073084238393805, "hu-worker-c29": 1.390350421035865, "target": "realtime"}
{"iteration": 428, "hu-worker-c23": 0.8222832388737137, "hu-worker-c40": 1.083475431405126, "hu-worker-c43": 0.8073044953580619, "hu-worker-c29": 1.3903435406137363, "target": "realtime"}
{"iteration": 429, "hu-worker-c23": 0.8223113998906054, "hu-worker-c40": 1.0834630312993152, "hu-worker-c43": 0.8072953689262341, "hu-worker-c29": 1.3903275558453063, "target": "realtime"}
{"iteration": 430, "hu-worker-c23": 0.8223156193601808, "hu-worker-c40": 1.083468655816992, "hu-worker-c43": 0.8072828268429123, "hu-worker-c29": 1.390334804481925, "target": "realtime"}
{"iteration": 431, "hu-worker-c23": 0.8223157417620974, "hu-worker-c40": 1.0834688191058872, "hu-worker-c43": 0.8072824627889105, "hu-worker-c29": 1.390335014982251, "target": "realtime"}
{"iteration": 432, "hu-worker-c23": 0.8222945888541475, "hu-worker-c40": 1.0835525606463947, "hu-worker-c43": 0.807261696477179, "hu-worker-c29": 1.3902990902178423, "target": "realtime"}
{"iteration": 433, "hu-worker-c23": 0.8222923691877742, "hu-worker-c40": 1.0835613484199438, "hu-worker-c43": 0.8072595173781051, "hu-worker-c29": 1.3902953205915622, "target": "realtime"}
{"iteration": 434, "hu-worker-c23": 0.822298174108091, "hu-worker-c40": 1.0835690871581636, "hu-worker-c43": 0.8072422631797528, "hu-worker-c29": 1.3903052927833988, "target": "realtime"}
{"iteration": 435, "hu-worker-c23": 0.8222938275182842, "hu-worker-c40": 1.0835862959021787, "hu-worker-c43": 0.807237996150789, "hu-worker-c29": 1.3902979109130622, "target": "realtime"}
{"iteration": 436, "hu-worker-c23": 0.822298840969782, "hu-worker-c40": 1.0835929024444542, "hu-worker-c43": 0.807242917818743, "hu-worker-c29": 1.3902724816230552, "target": "realtime"}
{"iteration": 437, "hu-worker-c23": 0.8223520650047004, "hu-worker-c40": 1.0835694647076783, "hu-worker-c43": 0.807225671070563, "hu-worker-c29": 1.390242273150592, "target": "realtime"}
{"iteration": 438, "hu-worker-c23": 0.8223651529557976, "hu-worker-c40": 1.0835869114019916, "hu-worker-c43": 0.807186774670087, "hu-worker-c29": 1.3902647539775002, "target": "realtime"}
{"iteration": 439, "hu-worker-c23": 0.822400431339335, "hu-worker-c40": 1.083571377344722, "hu-worker-c43": 0.807175344536435, "hu-worker-c29": 1.3902447324594782, "target": "realtime"}
{"iteration": 440, "hu-worker-c23": 0.8224365771672817, "hu-worker-c40": 1.0835554622498165, "hu-worker-c43": 0.8071636340278805, "hu-worker-c29": 1.3902242198322317, "target": "realtime"}
{"iteration": 441, "hu-worker-c23": 0.8224466322465362, "hu-worker-c40": 1.0835688645094383, "hu-worker-c43": 0.8071337561676492, "hu-worker-c29": 1.3902414892462465, "target": "realtime"}
{"iteration": 442, "hu-worker-c23": 0.8224550811230648, "hu-worker-c40": 1.0835799958809595, "hu-worker-c43": 0.8071420477548304, "hu-worker-c29": 1.390198644810301, "target": "realtime"}
{"iteration": 443, "hu-worker-c23": 0.8224778292597819, "hu-worker-c40": 1.0836099664881378, "hu-worker-c43": 0.8071643723984583, "hu-worker-c29": 1.390083297267484, "target": "realtime"}
{"iteration": 444, "hu-worker-c23": 0.8224826689766332, "hu-worker-c40": 1.08361641734188, "hu-worker-c43": 0.8071499919705737, "hu-worker-c29": 1.3900916082545747, "target": "realtime"}
{"iteration": 445, "hu-worker-c23": 0.8224692518584799, "hu-worker-c40": 1.0836695293307232, "hu-worker-c43": 0.8071368249016199, "hu-worker-c29": 1.390068830138272, "target": "realtime"}
{"iteration": 446, "hu-worker-c23": 0.8225111420294048, "hu-worker-c40": 1.0836510849405063, "hu-worker-c43": 0.8071232552063341, "hu-worker-c29": 1.390045062703595, "target": "realtime"}
{"iteration": 447, "hu-worker-c23": 0.8225196866664541, "hu-worker-c40": 1.0836624739529483, "hu-worker-c43": 0.8070978689364708, "hu-worker-c29": 1.390059734784193, "target": "realtime"}
{"iteration": 448, "hu-worker-c23": 0.8225204452506544, "hu-worker-c40": 1.0836594710948597, "hu-worker-c43": 0.8070986133017665, "hu-worker-c29": 1.390061022660057, "target": "realtime"}
{"iteration": 449, "hu-worker-c23": 0.8225163926458463, "hu-worker-c40": 1.0836755128995335, "hu-worker-c43": 0.8070946366595161, "hu-worker-c29": 1.3900541431411046, "target": "realtime"}
{"iteration": 450, "hu-worker-c23": 0.8225600650726712, "hu-worker-c40": 1.0836562847997568, "hu-worker-c43": 0.8070804911985227, "hu-worker-c29": 1.390029366218206, "target": "realtime"}
{"iteration": 451, "hu-worker-c23": 0.8225866220409012, "hu-worker-c40": 1.0836445929814054, "hu-worker-c43": 0.8070718898518058, "hu-worker-c29": 1.3900143004348844, "target": "realtime"}
{"iteration": 452, "hu-worker-c23": 0.8225891680141556, "hu-worker-c40": 1.0836479862245996, "hu-worker-c43": 0.8070643266296521, "hu-worker-c29": 1.390018671806308, "target": "realtime"}
{"iteration": 453, "hu-worker-c23": 0.8225864153701372, "hu-worker-c40": 1.0836443599874814, "hu-worker-c43": 0.8070616259310349, "hu-worker-c29": 1.3900326262479552, "target": "realtime"}
{"iteration": 454, "hu-worker-c23": 0.822594866367419, "hu-worker-c40": 1.08365562309277, "hu-worker-c43": 0.8070365220674133, "hu-worker-c29": 1.3900471360890163, "target": "realtime"}
{"iteration": 455, "hu-worker-c23": 0.8226192585834793, "hu-worker-c40": 1.0836877565514331, "hu-worker-c43": 0.8070604529862114, "hu-worker-c29": 1.3899234870049466, "target": "realtime"}
{"iteration": 456, "hu-worker-c23": 0.822638047635763, "hu-worker-c40": 1.0837127975964602, "hu-worker-c43": 0.8070046437107066, "hu-worker-c29": 1.389955742558126, "target": "realtime"}
{"iteration": 457, "hu-worker-c23": 0.8226355850367002, "hu-worker-c40": 1.0837138817920018, "hu-worker-c43": 0.8070054410412141, "hu-worker-c29": 1.3899571395848647, "target": "realtime"}
{"iteration": 458, "hu-worker-c23": 0.822642394779325, "hu-worker-c40": 1.0837228527488367, "hu-worker-c43": 0.8070121214123884, "hu-worker-c29": 1.3899226220878782, "target": "realtime"}
{"iteration": 459, "hu-worker-c23": 0.8226370706994633, "hu-worker-c40": 1.083743925755177, "hu-worker-c43": 0.8070068984619797, "hu-worker-c29": 1.3899135863719678, "target": "realtime"}
{"iteration": 460, "hu-worker-c23": 0.822653044394396, "hu-worker-c40": 1.0837368933143845, "hu-worker-c43": 0.8070017257192748, "hu-worker-c29": 1.3899045260722749, "target": "realtime"}
{"iteration": 461, "hu-worker-c23": 0.8226823516550538, "hu-worker-c40": 1.0837239911907028, "hu-worker-c43": 0.8069922356335119, "hu-worker-c29": 1.3898879034388387, "target": "realtime"}
{"iteration": 462, "hu-worker-c23": 0.8226849588381228, "hu-worker-c40": 1.083727465861983, "hu-worker-c43": 0.8069844922477528, "hu-worker-c29": 1.3898923789748212, "target": "realtime"}
{"iteration": 463, "hu-worker-c23": 0.8226767530299658, "hu-worker-c40": 1.0837599436455385, "hu-worker-c43": 0.8069764429987256, "hu-worker-c29": 1.3898784535188866, "target": "realtime"}
{"iteration": 464, "hu-worker-c23": 0.8226760692491439, "hu-worker-c40": 1.0837626499637298, "hu-worker-c43": 0.8069757722638717, "hu-worker-c29": 1.3898772932258445, "target": "realtime"}
{"iteration": 465, "hu-worker-c23": 0.8226738591127342, "hu-worker-c40": 1.0837597045323406, "hu-worker-c43": 0.8069823360333439, "hu-worker-c29": 1.389873499639348, "target": "realtime"}
{"iteration": 466, "hu-worker-c23": 0.8226789353198487, "hu-worker-c40": 1.0837664699245269, "hu-worker-c43": 0.8069672599197812, "hu-worker-c29": 1.389882213343229, "target": "realtime"}
{"iteration": 467, "hu-worker-c23": 0.8227049519360753, "hu-worker-c40": 1.0837550164853695, "hu-worker-c43": 0.8069588359754978, "hu-worker-c29": 1.3898674577955483, "target": "realtime"}
{"iteration": 468, "hu-worker-c23": 0.8227237242859446, "hu-worker-c40": 1.0837797454862717, "hu-worker-c43": 0.8069772490720735, "hu-worker-c29": 1.3897723206833295, "target": "realtime"}
{"iteration": 469, "hu-worker-c23": 0.8227299267891698, "hu-worker-c40": 1.0837770150266064, "hu-worker-c43": 0.8069752407216383, "hu-worker-c29": 1.3897688034054672, "target": "realtime"}
{"iteration": 470, "hu-worker-c23": 0.8227542193543117, "hu-worker-c40": 1.0837663211228101, "hu-worker-c43": 0.8069673753997316, "hu-worker-c29": 1.38975502763772, "target": "realtime"}
{"iteration": 471, "hu-worker-c23": 0.8227478232574201, "hu-worker-c40": 1.0837577976513784, "hu-worker-c43": 0.8069863694254461, "hu-worker-c29": 1.3897440506770877, "target": "realtime"}
{"iteration": 472, "hu-worker-c23": 0.8227562477280291, "hu-worker-c40": 1.0837688947395376, "hu-worker-c43": 0.8069946325252867, "hu-worker-c29": 1.3897013609205862, "target": "realtime"}
{"iteration": 473, "hu-worker-c23": 0.8227453522202689, "hu-worker-c40": 1.083812016315572, "hu-worker-c43": 0.8069839456853357, "hu-worker-c29": 1.3896828750821304, "target": "realtime"}
{"iteration": 474, "hu-worker-c23": 0.8227488415635585, "hu-worker-c40": 1.0838166666435274, "hu-worker-c43": 0.8069735832704933, "hu-worker-c29": 1.389688863525918, "target": "realtime"}
{"iteration": 475, "hu-worker-c23": 0.8227544599779474, "hu-worker-c40": 1.0838241543654064, "hu-worker-c43": 0.8069568985778398, "hu-worker-c29": 1.3896985057818096, "target": "realtime"}
{"iteration": 476, "hu-worker-c23": 0.8227426086367721, "hu-worker-c40": 1.0838710614895097, "hu-worker-c43": 0.8069452747286127, "hu-worker-c29": 1.3896783982204246, "target": "realtime"}
{"iteration": 477, "hu-worker-c23": 0.8227369325542547, "hu-worker-c40": 1.0838635838720019, "hu-worker-c43": 0.8069397076198221, "hu-worker-c29": 1.3897071607365046, "target": "realtime"}
{"iteration": 478, "hu-worker-c23": 0.8227293887396532, "hu-worker-c40": 1.0838934433579623, "hu-worker-c43": 0.8069323086122443, "hu-worker-c29": 1.38969436122418, "target": "realtime"}
{"iteration": 479, "hu-worker-c23": 0.8227548433810882, "hu-worker-c40": 1.083882236690958, "hu-worker-c43": 0.8069240674843166, "hu-worker-c29": 1.3896799272410743, "target": "realtime"}
{"iteration": 480, "hu-worker-c23": 0.8227716694311331, "hu-worker-c40": 1.083874829117842, "hu-worker-c43": 0.8069186200729832, "hu-worker-c29": 1.389670386454312, "target": "realtime"}
{"iteration": 481, "hu-worker-c23": 0.8227876763989099, "hu-worker-c40": 1.0838677823305014, "hu-worker-c43": 0.8069134379707156, "hu-worker-c29": 1.389661310356031, "target": "realtime"}
{"iteration": 482, "hu-worker-c23": 0.8227745023129575, "hu-worker-c40": 1.0838502254099776, "hu-worker-c43": 0.8069525567857576, "hu-worker-c29": 1.3896387032362176, "target": "realtime"}
{"iteration": 483, "hu-worker-c23": 0.8227762863395732, "hu-worker-c40": 1.083852603071927, "hu-worker-c43": 0.8069472589894566, "hu-worker-c29": 1.3896417648801416, "target": "realtime"}
{"iteration": 484, "hu-worker-c23": 0.8227780005636611, "hu-worker-c40": 1.08385486124378, "hu-worker-c43": 0.8069489402379785, "hu-worker-c29": 1.3896330791015334, "target": "realtime"}
{"iteration": 485, "hu-worker-c23": 0.822778108418347, "hu-worker-c40": 1.0838550050848328, "hu-worker-c43": 0.8069486197845734, "hu-worker-c29": 1.3896332643659601, "target": "realtime"}
{"iteration": 486, "hu-worker-c23": 0.8227728188909974, "hu-worker-c40": 1.083875940429789, "hu-worker-c43": 0.8069434319945167, "hu-worker-c29": 1.3896242906373584, "target": "realtime"}
{"iteration": 487, "hu-worker-c23": 0.8227730672784258, "hu-worker-c40": 1.0838762676425941, "hu-worker-c43": 0.8069436756037842, "hu-worker-c29": 1.3896230320923315, "target": "realtime"}
{"iteration": 488, "hu-worker-c23": 0.8227730679543691, "hu-worker-c40": 1.0838762648898976, "hu-worker-c43": 0.8069436762667969, "hu-worker-c29": 1.3896230333381294, "target": "realtime"}
{"iteration": 489, "hu-worker-c23": 0.8227955680739459, "hu-worker-c40": 1.083866359645982, "hu-worker-c43": 0.8069363919385093, "hu-worker-c29": 1.389610276029342, "target": "realtime"}
{"iteration": 490, "hu-worker-c23": 0.8227913783198645, "hu-worker-c40": 1.0838829419768603, "hu-worker-c43": 0.8069322829184639, "hu-worker-c29": 1.3896031683625976, "target": "realtime"}
{"iteration": 491, "hu-worker-c23": 0.8228091526061989, "hu-worker-c40": 1.0839063565229234, "hu-worker-c43": 0.8069497146469066, "hu-worker-c29": 1.3895131157450313, "target": "realtime"}
{"iteration": 492, "hu-worker-c23": 0.8228323672145345, "hu-worker-c40": 1.0838961369085975, "hu-worker-c43": 0.806942199285777, "hu-worker-c29": 1.3894999549521634, "target": "realtime"}
{"iteration": 493, "hu-worker-c23": 0.8228529596068157, "hu-worker-c40": 1.083887071981894, "hu-worker-c43": 0.8069355330481187, "hu-worker-c29": 1.3894882811743934, "target": "realtime"}
{"iteration": 494, "hu-worker-c23": 0.8228482575612551, "hu-worker-c40": 1.0838808060899427, "hu-worker-c43": 0.806949494045053, "hu-worker-c29": 1.389480214098706, "target": "realtime"}
{"iteration": 495, "hu-worker-c23": 0.8228453335028357, "hu-worker-c40": 1.0838769095626128, "hu-worker-c43": 0.806958176055209, "hu-worker-c29": 1.3894751975001844, "target": "realtime"}
{"iteration": 496, "hu-worker-c23": 0.8228397212860245, "hu-worker-c40": 1.08386943076744, "hu-worker-c43": 0.8069748401663296, "hu-worker-c29": 1.3894655688528048, "target": "realtime"}
{"iteration": 497, "hu-worker-c23": 0.8228944698115727, "hu-worker-c40": 1.083941547344065, "hu-worker-c43": 0.8070285332146171, "hu-worker-c29": 1.389188256607337, "target": "realtime"}
{"iteration": 498, "hu-worker-c23": 0.8228944698115727, "hu-worker-c40": 1.083941547344065, "hu-worker-c43": 0.8070285332146171, "hu-worker-c29": 1.389188256607337, "target": "realtime"}
